"","country","afro","gadm","distance"
"1",NA,NA,NA,NA
"2","Benin","Alibori","Alibori","0"
"3","Benin","Atacora","Atakora","1"
"4","Benin","Atlnatique","Atlantique","1"
"5","Benin","Borgou","Borgou","0"
"6","Benin","Collines","Collines","0"
"7","Benin","Couffo","Kouffo","1"
"8","Benin","Donga","Donga","0"
"9","Benin","Littoral","Littoral","0"
"10","Benin","Mono","Mono","0"
"11","Benin","Oueme","Ou¨¦m¨¦","2"
"12","Benin","Plateau","Plateau","0"
"13","Benin","Zou","Zou","0"
"14","Benin","Alibori","Alibori","0"
"15","Benin","Atacora","Atakora","1"
"16","Benin","Atlantique","Atlantique","0"
"17","Benin","Borgou","Borgou","0"
"18","Benin","Collines","Collines","0"
"19","Benin","Couffo","Kouffo","1"
"20","Benin","Donga","Donga","0"
"21","Benin","Littoral","Littoral","0"
"22","Benin","Mono","Mono","0"
"23","Benin","Oueme","Ou¨¦m¨¦","2"
"24","Benin","Plateau","Plateau","0"
"25","Benin","Zou","Zou","0"
"26","Benin","Alibori","Alibori","0"
"27","Benin","Atacora","Atakora","1"
"28","Benin","Atlantique","Atlantique","0"
"29","Benin","Borgou","Borgou","0"
"30","Benin","Collines","Collines","0"
"31","Benin","Couffo","Kouffo","1"
"32","Benin","Donga","Donga","0"
"33","Benin","Littoral","Littoral","0"
"34","Benin","Mono","Mono","0"
"35","Benin","Oueme","Ou¨¦m¨¦","2"
"36","Benin","Plateau","Plateau","0"
"37","Benin","Zou","Zou","0"
"38","Benin","Alibori","Alibori","0"
"39","Benin","Atacora","Atakora","1"
"40","Benin","Atlantique","Atlantique","0"
"41","Benin","Borgou","Borgou","0"
"42","Benin","Collines","Collines","0"
"43","Benin","Couffo","Kouffo","1"
"44","Benin","Donga","Donga","0"
"45","Benin","Littoral","Littoral","0"
"46","Benin","Mono","Mono","0"
"47","Benin","Ou¨¦m¨¦","Ou¨¦m¨¦","0"
"48","Benin","Plateau","Plateau","0"
"49","Benin","Zou","Zou","0"
"50","Benin","Alibori","Alibori","0"
"51","Benin","Atacora","Atakora","1"
"52","Benin","Atlantique","Atlantique","0"
"53","Benin","Borgou","Borgou","0"
"54","Benin","Collines","Collines","0"
"55","Benin","Couffo","Kouffo","1"
"56","Benin","Donga","Donga","0"
"57","Benin","Littoral","Littoral","0"
"58","Benin","Mono","Mono","0"
"59","Benin","Oueme","Ou¨¦m¨¦","2"
"60","Benin","Plateau","Plateau","0"
"61","Benin","Zou","Zou","0"
"62","Botswana","Central","Central","0"
"63","Botswana","Chobe","Chobe","0"
"64","Botswana","Francis Town","Francistown","2"
"65","Botswana","Gaborone","Gaborone","0"
"66","Botswana","Ghanzi","Ghanzi","0"
"67","Botswana","Jwaneng","Jwaneng","0"
"68","Botswana","Kgalagadi","Kgalagadi","0"
"69","Botswana","Kgatleng","Kgatleng","0"
"70","Botswana","Kweneng","Kweneng","0"
"71","Botswana","Lobatse","Lobatse","0"
"72","Botswana","North east","North-East","2"
"73","Botswana","Ngamiland","Kgatleng","5"
"74","Botswana","Selibe Phikwe","Selibe Phikwe","0"
"75","Botswana","South East","South-East","1"
"76","Botswana","Southern","Southern","0"
"77","Botswana","Barolong","Gaborone","4"
"78","Botswana","Central Bobonong","Central","9"
"79","Botswana","Central Boteti","Central","7"
"80","Botswana","Central Mahalapye","Central","10"
"81","Botswana","Central Serowe/Palapye","Central","15"
"82","Botswana","Central Tutume","Central","7"
"83","Botswana","Chobe","Chobe","0"
"84","Botswana","Francistown","Francistown","0"
"85","Botswana","Gaborone","Gaborone","0"
"86","Botswana","Ghanzi","Ghanzi","0"
"87","Botswana","Jwaneng","Jwaneng","0"
"88","Botswana","Kgalagadi South","Kgalagadi","6"
"89","Botswana","Kgalagadi North","Kgalagadi","6"
"90","Botswana","Kgatleng","Kgatleng","0"
"91","Botswana","Kweneng East","Kweneng","5"
"92","Botswana","Kweneng West","Kweneng","5"
"93","Botswana","Lobatse","Lobatse","0"
"94","Botswana","Ngamiland East","Kgalagadi","9"
"95","Botswana","Ngamiland West","North-West","9"
"96","Botswana","Ngwaketse","Lobatse","5"
"97","Botswana","Ngwaketse West","North-West","8"
"98","Botswana","North East","North-East","1"
"99","Botswana","Selibe Pikwe","Selibe Phikwe","1"
"100","Botswana","South East","South-East","1"
"101","Botswana","Barolong","Gaborone","4"
"102","Botswana","Central  Bobonong","Central","10"
"103","Botswana","Central Boteti","Central","7"
"104","Botswana","Central Mahalapye","Central","10"
"105","Botswana","Central Serowe/Palapye","Central","15"
"106","Botswana","Central Tutume","Central","7"
"107","Botswana","Chobe","Chobe","0"
"108","Botswana","Francistown","Francistown","0"
"109","Botswana","Gaborone","Gaborone","0"
"110","Botswana","Ghanzi","Ghanzi","0"
"111","Botswana","Jwaneng","Jwaneng","0"
"112","Botswana","Kgalagadi North","Kgalagadi","6"
"113","Botswana","Kgalagadi South","Kgalagadi","6"
"114","Botswana","Kgatleng","Kgatleng","0"
"115","Botswana","Kweneng East","Kweneng","5"
"116","Botswana","Kweneng West","Kweneng","5"
"117","Botswana","Lobatse","Lobatse","0"
"118","Botswana","Ngamiland East","Kgalagadi","9"
"119","Botswana","Ngamiland West","North-West","9"
"120","Botswana","Ngwaketse","Lobatse","5"
"121","Botswana","Ngwaketse West","North-West","8"
"122","Botswana","North East","North-East","1"
"123","Botswana","Seleibe Phikwe","Selibe Phikwe","1"
"124","Botswana","South East","South-East","1"
"125","Botswana","Barolong","Gaborone","4"
"126","Botswana","Central Bobonong","Central","9"
"127","Botswana","Central Boteti","Central","7"
"128","Botswana","Central Mahalapye","Central","10"
"129","Botswana","Central Serowe/Palapye","Central","15"
"130","Botswana","Central Tutume","Central","7"
"131","Botswana","Chobe","Chobe","0"
"132","Botswana","Francistown","Francistown","0"
"133","Botswana","Gaborone","Gaborone","0"
"134","Botswana","Ghanzi","Ghanzi","0"
"135","Botswana","Jwaneng","Jwaneng","0"
"136","Botswana","Kgalagadi North","Kgalagadi","6"
"137","Botswana","Kgalagadi South","Kgalagadi","6"
"138","Botswana","Kgatleng","Kgatleng","0"
"139","Botswana","Kweneng East","Kweneng","5"
"140","Botswana","Kweneng West","Kweneng","5"
"141","Botswana","Lobatse","Lobatse","0"
"142","Botswana","Ngamiland East","Kgalagadi","9"
"143","Botswana","Ngamiland West","North-West","9"
"144","Botswana","Ngwaketse","Lobatse","5"
"145","Botswana","Ngwaketse West","North-West","8"
"146","Botswana","North East","North-East","1"
"147","Botswana","Selibe Phikwe","Selibe Phikwe","0"
"148","Botswana","South East","South-East","1"
"149","Botswana","Barolong","Gaborone","4"
"150","Botswana","Central Bobonong","Central","9"
"151","Botswana","Central Boteti/Orapa","Central","13"
"152","Botswana","Central Mahalapye","Central","10"
"153","Botswana","Central Serowe","Central","7"
"154","Botswana","Central Tutume/Sowa Town","Central","17"
"155","Botswana","Chobe","Chobe","0"
"156","Botswana","Francistown","Francistown","0"
"157","Botswana","Gaborone","Gaborone","0"
"158","Botswana","Ghanzi","Ghanzi","0"
"159","Botswana","Jwaneng","Jwaneng","0"
"160","Botswana","Kgalagadi North","Kgalagadi","6"
"161","Botswana","Kgalagadi South","Kgalagadi","6"
"162","Botswana","Kgatleng","Kgatleng","0"
"163","Botswana","Kweneng East","Kweneng","5"
"164","Botswana","Kweneng West","Kweneng","5"
"165","Botswana","Lobatse","Lobatse","0"
"166","Botswana","Ngamiland East","Kgalagadi","9"
"167","Botswana","Ngamiland West","North-West","9"
"168","Botswana","Ngwaketse","Lobatse","5"
"169","Botswana","Ngwaketse West","North-West","8"
"170","Botswana","North East","North-East","1"
"171","Botswana","Selibe Phikwe","Selibe Phikwe","0"
"172","Botswana","South East","South-East","1"
"173","Cape Verde","Santo Ant<U+00E3>o","Santa Cruz","6"
"174","Cape Verde","S<U+00E3>o Vicente","S<U+00E3>o Vicente","0"
"175","Cape Verde","Santiago-Interior","Santa Catarina","9"
"176","Cape Verde","Santiago-Praia","Santa Catarina","7"
"177","Cape Verde","Fogo","Maio","3"
"178","Cape Verde","Santo Antao","Santa Cruz","6"
"179","Cape Verde","Sao Vicente","S<U+00E3>o Vicente","1"
"180","Cape Verde","Santiago - Interior","Santa Catarina","10"
"181","Cape Verde","Santiago - Praia","Santa Catarina","8"
"182","Cape Verde","Fogo","Maio","3"
"183","Cape Verde","S.Ant<U+00E3>o","Maio","6"
"184","Cape Verde","S.Vicente","S<U+00E3>o Vicente","3"
"185","Cape Verde","Santiago-Interior","Santa Catarina","9"
"186","Cape Verde","Santiago- Praia","Santa Catarina","8"
"187","Cape Verde","Fogo","Maio","3"
"188","Cape Verde","S. Antao","Sal","6"
"189","Cape Verde","S.Vincente","S<U+00E3>o Vicente","4"
"190","Cape Verde","Santiago-Interior","Santa Catarina","9"
"191","Cape Verde","Santiago-Praia","Santa Catarina","7"
"192","Cape Verde","Fogo","Maio","3"
"193","Cape Verde","Santo Ant<U+00E3>o","Santa Cruz","6"
"194","Cape Verde","S<U+00E3>o Vicente","S<U+00E3>o Vicente","0"
"195","Cape Verde","Santiago ¨C Interior","Santa Catarina","10"
"196","Cape Verde","Santiago ¨C Praia","Santa Catarina","8"
"197","Cape Verde","Fogo","Maio","3"
"198","Ghana","Western","Western","0"
"199","Ghana","Central","Central","0"
"200","Ghana","Greater Accra","Greater Accra","0"
"201","Ghana","Volta","Volta","0"
"202","Ghana","Eastern","Eastern","0"
"203","Ghana","Ashanti","Ashanti","0"
"204","Ghana","Brong Ahafo","Brong Ahafo","0"
"205","Ghana","Northern","Northern","0"
"206","Ghana","Upper East","Upper East","0"
"207","Ghana","Upper West","Upper West","0"
"208","Ghana","Western","Western","0"
"209","Ghana","Central","Central","0"
"210","Ghana","Greater Accra","Greater Accra","0"
"211","Ghana","Volta","Volta","0"
"212","Ghana","Eastern","Eastern","0"
"213","Ghana","Ashanti","Ashanti","0"
"214","Ghana","Brong Ahafo","Brong Ahafo","0"
"215","Ghana","Northern","Northern","0"
"216","Ghana","Upper East","Upper East","0"
"217","Ghana","Upper West","Upper West","0"
"218","Ghana","Western","Western","0"
"219","Ghana","Central","Central","0"
"220","Ghana","Greater Accra","Greater Accra","0"
"221","Ghana","Volta","Volta","0"
"222","Ghana","Eastern","Eastern","0"
"223","Ghana","Ashanti","Ashanti","0"
"224","Ghana","Brong Ahafo","Brong Ahafo","0"
"225","Ghana","Northern","Northern","0"
"226","Ghana","Upper East","Upper East","0"
"227","Ghana","Upper West","Upper West","0"
"228","Ghana","Western","Western","0"
"229","Ghana","Central","Central","0"
"230","Ghana","Greater Accra","Greater Accra","0"
"231","Ghana","Volta","Volta","0"
"232","Ghana","Eastern","Eastern","0"
"233","Ghana","Ashanti","Ashanti","0"
"234","Ghana","Brong Ahafo","Brong Ahafo","0"
"235","Ghana","Northern","Northern","0"
"236","Ghana","Upper East","Upper East","0"
"237","Ghana","Upper West","Upper West","0"
"238","Ghana","Western","Western","0"
"239","Ghana","Central","Central","0"
"240","Ghana","Greater Accra","Greater Accra","0"
"241","Ghana","Volta","Volta","0"
"242","Ghana","Eastern","Eastern","0"
"243","Ghana","Ashanti","Ashanti","0"
"244","Ghana","Brong Ahafo","Brong Ahafo","0"
"245","Ghana","Northern","Northern","0"
"246","Ghana","Upper East","Upper East","0"
"247","Ghana","Upper West","Upper West","0"
"248","Kenya","Nairobi","Nairobi","0"
"249","Kenya","Central","Mandera","5"
"250","Kenya","Eastern","Mandera","4"
"251","Kenya","Rift Valley","Homa Bay","8"
"252","Kenya","Nyanza","Nandi","3"
"253","Kenya","Western","Mandera","5"
"254","Kenya","North Eastern","Taita Taveta","9"
"255","Kenya","Coast","Bomet","3"
"256","Kenya","Nairobi","Nairobi","0"
"257","Kenya","Central","Mandera","5"
"258","Kenya","Eastern","Mandera","4"
"259","Kenya","Rift Valley","Homa Bay","8"
"260","Kenya","Nyanza","Nandi","3"
"261","Kenya","Western","Mandera","5"
"262","Kenya","North Eastern","Taita Taveta","9"
"263","Kenya","Coast","Bomet","3"
"264","Kenya","Nairobi","Nairobi","0"
"265","Kenya","Central","Mandera","5"
"266","Kenya","Eastern","Mandera","4"
"267","Kenya","Rift Valley","Homa Bay","8"
"268","Kenya","Nyanza","Nandi","3"
"269","Kenya","Western","Mandera","5"
"270","Kenya","North Eastern","Taita Taveta","9"
"271","Kenya","Coast","Bomet","3"
"272","Kenya","Nairobi","Nairobi","0"
"273","Kenya","Central","Mandera","5"
"274","Kenya","Eastern","Mandera","4"
"275","Kenya","Rift Valley","Homa Bay","8"
"276","Kenya","Nyanza","Nandi","3"
"277","Kenya","Western","Mandera","5"
"278","Kenya","North Eastern","Taita Taveta","9"
"279","Kenya","Coast","Bomet","3"
"280","Kenya","Nairobi","Nairobi","0"
"281","Kenya","Central","Mandera","5"
"282","Kenya","Eastern","Mandera","4"
"283","Kenya","Rift Valley","Homa Bay","8"
"284","Kenya","Nyanza","Nandi","3"
"285","Kenya","Western","Mandera","5"
"286","Kenya","North Eastern","Taita Taveta","9"
"287","Kenya","Coast","Bomet","3"
"288","Lesotho","Maseru","Maseru","0"
"289","Lesotho","Mafeteng","Mafeteng","0"
"290","Lesotho","Mohale'Hoek","Mohale's Hoek","2"
"291","Lesotho","Quthing","Quthing","0"
"292","Lesotho","Qacha's Nek","Qacha's Nek","0"
"293","Lesotho","Mokhotlong","Mokhotlong","0"
"294","Lesotho","Butha Buthe","Butha-Buthe","1"
"295","Lesotho","Leribe","Leribe","0"
"296","Lesotho","Berea","Berea","0"
"297","Lesotho","Thaba-Tseka","Thaba-Tseka","0"
"298","Lesotho","Butha-Buthe","Butha-Buthe","0"
"299","Lesotho","Leribe","Leribe","0"
"300","Lesotho","Berea","Berea","0"
"301","Lesotho","Maseru","Maseru","0"
"302","Lesotho","Mafeteng","Mafeteng","0"
"303","Lesotho","Mohale's Hoek","Mohale's Hoek","0"
"304","Lesotho","Quthing","Quthing","0"
"305","Lesotho","Qacha's Nek","Qacha's Nek","0"
"306","Lesotho","Mokhotlong","Mokhotlong","0"
"307","Lesotho","Thaba-Tseka","Thaba-Tseka","0"
"308","Lesotho","Maseru","Maseru","0"
"309","Lesotho","Mafeteng","Mafeteng","0"
"310","Lesotho","Mohale¡¯s Hoek","Mohale's Hoek","1"
"311","Lesotho","Quthing","Quthing","0"
"312","Lesotho","Qacha¡¯s Nek","Qacha's Nek","1"
"313","Lesotho","Mokhotlong","Mokhotlong","0"
"314","Lesotho","Butha-Buthe","Butha-Buthe","0"
"315","Lesotho","Leribe","Leribe","0"
"316","Lesotho","Berea","Berea","0"
"317","Lesotho","Thaba Tseka","Thaba-Tseka","1"
"318","Lesotho","Maseru","Maseru","0"
"319","Lesotho","Mafeteng","Mafeteng","0"
"320","Lesotho","Mohale's Hoek","Mohale's Hoek","0"
"321","Lesotho","Quthing","Quthing","0"
"322","Lesotho","Qacha's Nek","Qacha's Nek","0"
"323","Lesotho","Mokhotlong","Mokhotlong","0"
"324","Lesotho","Buthe-Buthe","Butha-Buthe","1"
"325","Lesotho","Leribe","Leribe","0"
"326","Lesotho","Berea","Berea","0"
"327","Lesotho","Thaba Tseka","Thaba-Tseka","1"
"328","Lesotho","Maseru","Maseru","0"
"329","Lesotho","Mafeteng","Mafeteng","0"
"330","Lesotho","Mohale's Hoek","Mohale's Hoek","0"
"331","Lesotho","Quthing","Quthing","0"
"332","Lesotho","Qacha's Nek","Qacha's Nek","0"
"333","Lesotho","Mokhotlong","Mokhotlong","0"
"334","Lesotho","Botha-Bothe","Butha-Buthe","2"
"335","Lesotho","Leribe","Leribe","0"
"336","Lesotho","Berea","Berea","0"
"337","Lesotho","Thaba-Tseka","Thaba-Tseka","0"
"338","Madagascar","antananarivo","Antananarivo","1"
"339","Madagascar","fianarantsoa","Fianarantsoa","1"
"340","Madagascar","toamasina","Toamasina","1"
"341","Madagascar","mahajanga","Mahajanga","1"
"342","Madagascar","toliary","Toliary","1"
"343","Madagascar","antsiranana","Antsiranana","1"
"344","Madagascar","Antananarivo","Antananarivo","0"
"345","Madagascar","Fianarantsoa","Fianarantsoa","0"
"346","Madagascar","Toamasina","Toamasina","0"
"347","Madagascar","Mahajanga","Mahajanga","0"
"348","Madagascar","Toliary","Toliary","0"
"349","Madagascar","Antsiranana","Antsiranana","0"
"350","Madagascar","Alaotra Mangoro","Antananarivo","10"
"351","Madagascar","Amoron'i Mania","Antsiranana","10"
"352","Madagascar","Analamanga","Mahajanga","4"
"353","Madagascar","Analanjirofo","Antananarivo","6"
"354","Madagascar","Androy","Toliary","6"
"355","Madagascar","Anosy","Toliary","6"
"356","Madagascar","Atsimo Andrefana","Antsiranana","9"
"357","Madagascar","Atsimo Atsinanana","Antsiranana","8"
"358","Madagascar","Atsinanana","Antsiranana","2"
"359","Madagascar","Betsiboka","Antsiranana","7"
"360","Madagascar","Boeny","Toliary","5"
"361","Madagascar","Bongolava","Toamasina","7"
"362","Madagascar","Diana","Toliary","5"
"363","Madagascar","Haute Matsiatra","Antsiranana","11"
"364","Madagascar","Ihorombe","Toliary","7"
"365","Madagascar","Itasy","Toliary","5"
"366","Madagascar","Melaky","Toliary","4"
"367","Madagascar","Menabe","Toliary","6"
"368","Madagascar","SAVA","Toliary","7"
"369","Madagascar","Sofia","Toliary","4"
"370","Madagascar","Vakinankaratra","Fianarantsoa","8"
"371","Madagascar","Vatovavy Fitovinany","Antsiranana","14"
"372","Madagascar","Alaotra Mangoro","Antananarivo","10"
"373","Madagascar","Amoron'i Mania","Antsiranana","10"
"374","Madagascar","Analamanga","Mahajanga","4"
"375","Madagascar","Analanjirofo","Antananarivo","6"
"376","Madagascar","Androy","Toliary","6"
"377","Madagascar","Anosy","Toliary","6"
"378","Madagascar","Atsimo Andrefana","Antsiranana","9"
"379","Madagascar","Atsimo Atsinanana","Antsiranana","8"
"380","Madagascar","Atsinanana","Antsiranana","2"
"381","Madagascar","Betsiboka","Antsiranana","7"
"382","Madagascar","Boeny","Toliary","5"
"383","Madagascar","Bongolava","Toamasina","7"
"384","Madagascar","Diana","Toliary","5"
"385","Madagascar","Haute Matsiatra","Antsiranana","11"
"386","Madagascar","Ihorombe","Toliary","7"
"387","Madagascar","Itasy","Toliary","5"
"388","Madagascar","Melaky","Toliary","4"
"389","Madagascar","Menabe","Toliary","6"
"390","Madagascar","SAVA","Toliary","7"
"391","Madagascar","Sofia","Toliary","4"
"392","Madagascar","Vakinankaratra","Fianarantsoa","8"
"393","Madagascar","Vatovavy Fitonany","Antsiranana","12"
"394","Madagascar","Alaotra Mangoro","Antananarivo","10"
"395","Madagascar","Amoron'i Mania","Antsiranana","10"
"396","Madagascar","Analamanga","Mahajanga","4"
"397","Madagascar","Analanjirofo","Antananarivo","6"
"398","Madagascar","Androy","Toliary","6"
"399","Madagascar","Anosy","Toliary","6"
"400","Madagascar","Atsimo Andrefana","Antsiranana","9"
"401","Madagascar","Atsimo Atsinanana","Antsiranana","8"
"402","Madagascar","Atsinanana","Antsiranana","2"
"403","Madagascar","Betsiboka","Antsiranana","7"
"404","Madagascar","Boeny","Toliary","5"
"405","Madagascar","Bongolava","Toamasina","7"
"406","Madagascar","Diana","Toliary","5"
"407","Madagascar","Haute Matsiatra","Antsiranana","11"
"408","Madagascar","Ihorombe","Toliary","7"
"409","Madagascar","Itasy","Toliary","5"
"410","Madagascar","Melaky","Toliary","4"
"411","Madagascar","Menabe","Toliary","6"
"412","Madagascar","Sava","Toliary","6"
"413","Madagascar","Sofia","Toliary","4"
"414","Madagascar","Vakinankaratra","Fianarantsoa","8"
"415","Madagascar","Vatovavy Fitovinany","Antsiranana","14"
"416","Malawi","South","Dowa","4"
"417","Malawi","Central","Chitipa","5"
"418","Malawi","North","Dowa","4"
"419","Malawi","Central","Chitipa","5"
"420","Malawi","North","Dowa","4"
"421","Malawi","South","Dowa","4"
"422","Malawi","Central","Chitipa","5"
"423","Malawi","North","Dowa","4"
"424","Malawi","South","Dowa","4"
"425","Malawi","Central","Chitipa","5"
"426","Malawi","North","Dowa","4"
"427","Malawi","South","Dowa","4"
"428","Malawi","Northern Region","Neno","11"
"429","Malawi","Central Region","Chiradzulu","11"
"430","Malawi","Southern Region","Machinga","12"
"431","Mali","Bamako","Bamako","0"
"432","Mali","Kayes","Kayes","0"
"433","Mali","Koulikoro","Koulikoro","0"
"434","Mali","Sikasso","Sikasso","0"
"435","Mali","S¨¦gou","S¨¦gou","0"
"436","Mali","Mopti","Mopti","0"
"437","Mali","Tombouctou","Timbuktu","4"
"438","Mali","Gao","Gao","0"
"439","Mali","Kidal","Kidal","0"
"440","Mali","Kayes","Kayes","0"
"441","Mali","Koulikoro","Koulikoro","0"
"442","Mali","Sikasso","Sikasso","0"
"443","Mali","Segou","S¨¦gou","1"
"444","Mali","Mopti","Mopti","0"
"445","Mali","Tombouctou","Timbuktu","4"
"446","Mali","Gao","Gao","0"
"447","Mali","Kidal","Kidal","0"
"448","Mali","Bamako","Bamako","0"
"449","Mali","Kayes","Kayes","0"
"450","Mali","Koulikoro","Koulikoro","0"
"451","Mali","Sikasso","Sikasso","0"
"452","Mali","S¨¦gou","S¨¦gou","0"
"453","Mali","Mopti","Mopti","0"
"454","Mali","Bamako","Bamako","0"
"455","Mali","Kayes","Kayes","0"
"456","Mali","Koulikoro","Koulikoro","0"
"457","Mali","Sikasso","Sikasso","0"
"458","Mali","S¨¦gou","S¨¦gou","0"
"459","Mali","Mopti","Mopti","0"
"460","Mali","Tombouctou","Timbuktu","4"
"461","Mali","Gao","Gao","0"
"462","Mali","Kidal","Kidal","0"
"463","Mali","Bamako","Bamako","0"
"464","Mali","Kayes","Kayes","0"
"465","Mali","Koulikoro","Koulikoro","0"
"466","Mali","Sikasso","Sikasso","0"
"467","Mali","Segou","S¨¦gou","1"
"468","Mali","Mopti","Mopti","0"
"469","Mali","Tombouctou","Timbuktu","4"
"470","Mali","Gao","Gao","0"
"471","Mali","Kidal","Kidal","0"
"472","Mali","Bamako","Bamako","0"
"473","Mozambique","Maputo province","Maputo City","7"
"474","Mozambique","Maputo City","Maputo City","0"
"475","Mozambique","Gaza","Gaza","0"
"476","Mozambique","Inhambane","Inhambane","0"
"477","Mozambique","Sofala","Sofala","0"
"478","Mozambique","Tete","Tete","0"
"479","Mozambique","Manica","Manica","0"
"480","Mozambique","Zambezia","Zambezia","0"
"481","Mozambique","Nampula","Nampula","0"
"482","Mozambique","Niassa","Nassa","1"
"483","Mozambique","Cabo Delgado","Cabo Delgado","0"
"484","Mozambique","Maputo","Maputo","0"
"485","Mozambique","Maputo City","Maputo City","0"
"486","Mozambique","Gaza","Gaza","0"
"487","Mozambique","Inhambane","Inhambane","0"
"488","Mozambique","Sofala","Sofala","0"
"489","Mozambique","Tete","Tete","0"
"490","Mozambique","Manica","Manica","0"
"491","Mozambique","Zambezia","Zambezia","0"
"492","Mozambique","Nampula","Nampula","0"
"493","Mozambique","Niassa","Nassa","1"
"494","Mozambique","Cabo Delgado","Cabo Delgado","0"
"495","Mozambique","Maputo Province","Maputo City","7"
"496","Mozambique","Maputo City","Maputo City","0"
"497","Mozambique","Gaza","Gaza","0"
"498","Mozambique","Inhambane","Inhambane","0"
"499","Mozambique","Sofala","Sofala","0"
"500","Mozambique","Tete","Tete","0"
"501","Mozambique","Manica","Manica","0"
"502","Mozambique","Zambezia","Zambezia","0"
"503","Mozambique","Nampula","Nampula","0"
"504","Mozambique","Cabo Delgado","Cabo Delgado","0"
"505","Mozambique","Niassa","Nassa","1"
"506","Mozambique","Maputo Province","Maputo City","7"
"507","Mozambique","Maputo City","Maputo City","0"
"508","Mozambique","Gaza","Gaza","0"
"509","Mozambique","Inhambane","Inhambane","0"
"510","Mozambique","Sofala","Sofala","0"
"511","Mozambique","Tete","Tete","0"
"512","Mozambique","Manica","Manica","0"
"513","Mozambique","Zamb¨¦zia","Zambezia","1"
"514","Mozambique","Nampula","Nampula","0"
"515","Mozambique","Cabo Delgado","Cabo Delgado","0"
"516","Mozambique","Niassa","Nassa","1"
"517","Mozambique","Maputo Province","Maputo City","7"
"518","Mozambique","Maputo City","Maputo City","0"
"519","Mozambique","Gaza","Gaza","0"
"520","Mozambique","Inhambane","Inhambane","0"
"521","Mozambique","Sofala","Sofala","0"
"522","Mozambique","Tete","Tete","0"
"523","Mozambique","Manica","Manica","0"
"524","Mozambique","Zamb¨¦zia","Zambezia","1"
"525","Mozambique","Nampula","Nampula","0"
"526","Mozambique","Cabo Delgado","Cabo Delgado","0"
"527","Mozambique","Niassa","Nassa","1"
"528","Namibia","Caprivi","Hardap","5"
"529","Namibia","Erongo","Erongo","0"
"530","Namibia","Hardap","Hardap","0"
"531","Namibia","Karas","!Karas","1"
"532","Namibia","kavango","Kavango","1"
"533","Namibia","Khomas","Khomas","0"
"534","Namibia","kunene","Kunene","1"
"535","Namibia","Ohangwena","Ohangwena","0"
"536","Namibia","Omaheke","Omaheke","0"
"537","Namibia","Omusati","Omusati","0"
"538","Namibia","Oshana","Oshana","0"
"539","Namibia","Oshikoto","Oshikoto","0"
"540","Namibia","Otjozundjupa","Otjozondjupa","1"
"541","Namibia","Caprivi","Hardap","5"
"542","Namibia","Erongo","Erongo","0"
"543","Namibia","Hardap","Hardap","0"
"544","Namibia","Karas","!Karas","1"
"545","Namibia","Kavango","Kavango","0"
"546","Namibia","Khomas","Khomas","0"
"547","Namibia","Kunene","Kunene","0"
"548","Namibia","Ohangwena","Ohangwena","0"
"549","Namibia","Omaheke","Omaheke","0"
"550","Namibia","Omusati","Omusati","0"
"551","Namibia","Oshana","Oshana","0"
"552","Namibia","Oshikoto","Oshikoto","0"
"553","Namibia","Otjozondjupa","Otjozondjupa","0"
"554","Namibia","Caprivi","Hardap","5"
"555","Namibia","Erongo","Erongo","0"
"556","Namibia","Hardap","Hardap","0"
"557","Namibia","Karas","!Karas","1"
"558","Namibia","Kavango","Kavango","0"
"559","Namibia","Khomas","Khomas","0"
"560","Namibia","Kunene","Kunene","0"
"561","Namibia","Ohangwena","Ohangwena","0"
"562","Namibia","Omaheke","Omaheke","0"
"563","Namibia","Omusati","Omusati","0"
"564","Namibia","Oshana","Oshana","0"
"565","Namibia","Oshikoto","Oshikoto","0"
"566","Namibia","Otjozondjupa","Otjozondjupa","0"
"567","Namibia","Zambezi","Zambezi","0"
"568","Namibia","Erongo","Erongo","0"
"569","Namibia","Hardap","Hardap","0"
"570","Namibia","!Karas","!Karas","0"
"571","Namibia","Kavango West","Kavango","5"
"572","Namibia","Kavango East","Kavango","5"
"573","Namibia","Khomas","Khomas","0"
"574","Namibia","Kunene","Kunene","0"
"575","Namibia","Ohangwena","Ohangwena","0"
"576","Namibia","Omaheke","Omaheke","0"
"577","Namibia","Omusati","Omusati","0"
"578","Namibia","Oshana","Oshana","0"
"579","Namibia","Oshikoto","Oshikoto","0"
"580","Namibia","Otjozondjupa","Otjozondjupa","0"
"581","Namibia","Zambezi","Zambezi","0"
"582","Namibia","Erongo","Erongo","0"
"583","Namibia","Hardap","Hardap","0"
"584","Namibia","Karas","!Karas","1"
"585","Namibia","Kavango West","Kavango","5"
"586","Namibia","Kavango East","Kavango","5"
"587","Namibia","Khomas","Khomas","0"
"588","Namibia","Kunene","Kunene","0"
"589","Namibia","Ohangwena","Ohangwena","0"
"590","Namibia","Omaheke","Omaheke","0"
"591","Namibia","Omusati","Omusati","0"
"592","Namibia","Oshana","Oshana","0"
"593","Namibia","Oshikoto","Oshikoto","0"
"594","Namibia","Otjozondjupa","Otjozondjupa","0"
"595","Nigeria","Lagos","Lagos","0"
"596","Nigeria","Ogun","Ogun","0"
"597","Nigeria","Oyo","Oyo","0"
"598","Nigeria","Osun","Osun","0"
"599","Nigeria","Ondo","Ondo","0"
"600","Nigeria","Ekiti","Ekiti","0"
"601","Nigeria","Enugu","Enugu","0"
"602","Nigeria","Anambra","Anambra","0"
"603","Nigeria","Imo","Imo","0"
"604","Nigeria","Abia","Abia","0"
"605","Nigeria","Akwa-Ibom","Akwa Ibom","1"
"606","Nigeria","Bayelsa","Bayelsa","0"
"607","Nigeria","Cross-River","Cross River","1"
"608","Nigeria","Delta","Delta","0"
"609","Nigeria","Edo","Edo","0"
"610","Nigeria","Rivers","Rivers","0"
"611","Nigeria","Kano","Kano","0"
"612","Nigeria","Sokoto","Sokoto","0"
"613","Nigeria","Kaduna","Kaduna","0"
"614","Nigeria","Katsina","Katsina","0"
"615","Nigeria","Kogi","Kogi","0"
"616","Nigeria","Kwara","Kwara","0"
"617","Nigeria","Niger","Niger","0"
"618","Nigeria","FCT","Edo","3"
"619","Nigeria","Adamawa","Adamawa","0"
"620","Nigeria","Taraba","Taraba","0"
"621","Nigeria","Zamfara","Zamfara","0"
"622","Nigeria","Bauchi","Bauchi","0"
"623","Nigeria","Borno","Borno","0"
"624","Nigeria","Benue","Benue","0"
"625","Nigeria","Plateau","Plateau","0"
"626","Nigeria","Abia","Abia","0"
"627","Nigeria","Adamawa","Adamawa","0"
"628","Nigeria","Akwa-Ibom","Akwa Ibom","1"
"629","Nigeria","Anambra","Anambra","0"
"630","Nigeria","Bauchi","Bauchi","0"
"631","Nigeria","Bayelsa","Bayelsa","0"
"632","Nigeria","Benue","Benue","0"
"633","Nigeria","Borno","Borno","0"
"634","Nigeria","Cross-River","Cross River","1"
"635","Nigeria","Delta","Delta","0"
"636","Nigeria","Ebonyi","Ebonyi","0"
"637","Nigeria","Edo","Edo","0"
"638","Nigeria","Ekiti","Ekiti","0"
"639","Nigeria","Enugu","Enugu","0"
"640","Nigeria","FCT","Edo","3"
"641","Nigeria","Gombe","Gombe","0"
"642","Nigeria","Imo","Imo","0"
"643","Nigeria","Jigawa","Jigawa","0"
"644","Nigeria","Kaduna","Kaduna","0"
"645","Nigeria","Kano","Kano","0"
"646","Nigeria","Katsina","Katsina","0"
"647","Nigeria","Kebbi","Kebbi","0"
"648","Nigeria","Kogi","Kogi","0"
"649","Nigeria","Kwara","Kwara","0"
"650","Nigeria","Lagos","Lagos","0"
"651","Nigeria","Nassarawa","Nassarawa","0"
"652","Nigeria","Niger","Niger","0"
"653","Nigeria","Ogun","Ogun","0"
"654","Nigeria","Ondo","Ondo","0"
"655","Nigeria","Osun","Osun","0"
"656","Nigeria","Oyo","Oyo","0"
"657","Nigeria","Plateau","Plateau","0"
"658","Nigeria","Rivers","Rivers","0"
"659","Nigeria","Sokoto","Sokoto","0"
"660","Nigeria","Taraba","Taraba","0"
"661","Nigeria","Yobe","Yobe","0"
"662","Nigeria","Zamfara","Zamfara","0"
"663","Nigeria","Abia","Abia","0"
"664","Nigeria","Adamawa","Adamawa","0"
"665","Nigeria","Akwa-Ibom","Akwa Ibom","1"
"666","Nigeria","Anambra","Anambra","0"
"667","Nigeria","Bauchi","Bauchi","0"
"668","Nigeria","Bayelsa","Bayelsa","0"
"669","Nigeria","Benue","Benue","0"
"670","Nigeria","Borno","Borno","0"
"671","Nigeria","Cross-River","Cross River","1"
"672","Nigeria","Delta","Delta","0"
"673","Nigeria","Ebonyi","Ebonyi","0"
"674","Nigeria","Edo","Edo","0"
"675","Nigeria","Ekiti","Ekiti","0"
"676","Nigeria","Enugu","Enugu","0"
"677","Nigeria","FCT","Edo","3"
"678","Nigeria","Gombe","Gombe","0"
"679","Nigeria","Imo","Imo","0"
"680","Nigeria","Jigawa","Jigawa","0"
"681","Nigeria","Kaduna","Kaduna","0"
"682","Nigeria","Kano","Kano","0"
"683","Nigeria","Katsina","Katsina","0"
"684","Nigeria","Kebbi","Kebbi","0"
"685","Nigeria","Kogi","Kogi","0"
"686","Nigeria","Kwara","Kwara","0"
"687","Nigeria","Lagos","Lagos","0"
"688","Nigeria","Nasarawa","Nassarawa","1"
"689","Nigeria","Niger","Niger","0"
"690","Nigeria","Ogun","Ogun","0"
"691","Nigeria","Ondo","Ondo","0"
"692","Nigeria","Osun","Osun","0"
"693","Nigeria","Oyo","Oyo","0"
"694","Nigeria","Plateau","Plateau","0"
"695","Nigeria","Rivers","Rivers","0"
"696","Nigeria","Sokoto","Sokoto","0"
"697","Nigeria","Taraba","Taraba","0"
"698","Nigeria","Yobe","Yobe","0"
"699","Nigeria","Zamfara","Zamfara","0"
"700","Nigeria","Abia","Abia","0"
"701","Nigeria","Akwa-Ibom","Akwa Ibom","1"
"702","Nigeria","Anambra","Anambra","0"
"703","Nigeria","Bauchi","Bauchi","0"
"704","Nigeria","Bayelsa","Bayelsa","0"
"705","Nigeria","Benue","Benue","0"
"706","Nigeria","Cross-River","Cross River","1"
"707","Nigeria","Delta","Delta","0"
"708","Nigeria","Ebonyi","Ebonyi","0"
"709","Nigeria","Edo","Edo","0"
"710","Nigeria","Ekiti","Ekiti","0"
"711","Nigeria","Enugu","Enugu","0"
"712","Nigeria","FCT","Edo","3"
"713","Nigeria","Gombe","Gombe","0"
"714","Nigeria","Imo","Imo","0"
"715","Nigeria","Jigawa","Jigawa","0"
"716","Nigeria","Kaduna","Kaduna","0"
"717","Nigeria","Kano","Kano","0"
"718","Nigeria","Katsina","Katsina","0"
"719","Nigeria","Kebbi","Kebbi","0"
"720","Nigeria","Kogi","Kogi","0"
"721","Nigeria","Kwara","Kwara","0"
"722","Nigeria","Lagos","Lagos","0"
"723","Nigeria","Nasarawa","Nassarawa","1"
"724","Nigeria","Niger","Niger","0"
"725","Nigeria","Ogun","Ogun","0"
"726","Nigeria","Ondo","Ondo","0"
"727","Nigeria","Osun","Osun","0"
"728","Nigeria","Oyo","Oyo","0"
"729","Nigeria","Plateau","Plateau","0"
"730","Nigeria","Rivers","Rivers","0"
"731","Nigeria","Sokoto","Sokoto","0"
"732","Nigeria","Taraba","Taraba","0"
"733","Nigeria","Zamfara","Zamfara","0"
"734","Nigeria","Abia","Abia","0"
"735","Nigeria","Adamawa","Adamawa","0"
"736","Nigeria","Akwa Ibom","Akwa Ibom","0"
"737","Nigeria","Anambra","Anambra","0"
"738","Nigeria","Bauchi","Bauchi","0"
"739","Nigeria","Bayelsa","Bayelsa","0"
"740","Nigeria","Benue","Benue","0"
"741","Nigeria","Borno","Borno","0"
"742","Nigeria","Cross River","Cross River","0"
"743","Nigeria","Delta","Delta","0"
"744","Nigeria","Ebonyi","Ebonyi","0"
"745","Nigeria","Edo","Edo","0"
"746","Nigeria","Ekiti","Ekiti","0"
"747","Nigeria","Enugu","Enugu","0"
"748","Nigeria","Fct Abuja","Abia","6"
"749","Nigeria","Gombe","Gombe","0"
"750","Nigeria","Imo","Imo","0"
"751","Nigeria","Jigawa","Jigawa","0"
"752","Nigeria","Kaduna","Kaduna","0"
"753","Nigeria","Kano","Kano","0"
"754","Nigeria","Katsina","Katsina","0"
"755","Nigeria","Kebbi","Kebbi","0"
"756","Nigeria","Kogi","Kogi","0"
"757","Nigeria","Kwara","Kwara","0"
"758","Nigeria","Lagos","Lagos","0"
"759","Nigeria","Nasarawa","Nassarawa","1"
"760","Nigeria","Niger","Niger","0"
"761","Nigeria","Ogun","Ogun","0"
"762","Nigeria","Ondo","Ondo","0"
"763","Nigeria","Osun","Osun","0"
"764","Nigeria","Oyo","Oyo","0"
"765","Nigeria","Plateau","Plateau","0"
"766","Nigeria","Rivers","Rivers","0"
"767","Nigeria","Sokoto","Sokoto","0"
"768","Nigeria","Taraba","Taraba","0"
"769","Nigeria","Yobe","Yobe","0"
"770","Nigeria","Zamfara","Zamfara","0"
"771","Senegal","DAKAR","Dakar","4"
"772","Senegal","DIOURBEL","Dakar","7"
"773","Senegal","FATICK","Fatick","5"
"774","Senegal","KAOLACK","Kaolack","6"
"775","Senegal","SAINT LOUIS","Saint-Louis","9"
"776","Senegal","TAMBACOUNDA","Matam","10"
"777","Senegal","KOLDA","Kolda","4"
"778","Senegal","LOUGA","Louga","4"
"779","Senegal","MATAM","Matam","4"
"780","Senegal","THIES","Thi¨¨s","4"
"781","Senegal","ZIGUINCHOR","Ziguinchor","9"
"782","Senegal","Dakar","Dakar","0"
"783","Senegal","Diourbel","Diourbel","0"
"784","Senegal","Fatick","Fatick","0"
"785","Senegal","Kaolack","Kaolack","0"
"786","Senegal","Kolda","Kolda","0"
"787","Senegal","Louga","Louga","0"
"788","Senegal","Matam","Matam","0"
"789","Senegal","Saint-Louis","Saint-Louis","0"
"790","Senegal","Tambacounda","Tambacounda","0"
"791","Senegal","Thies","Thi¨¨s","1"
"792","Senegal","Ziguinchor","Ziguinchor","0"
"793","Senegal","Dakar","Dakar","0"
"794","Senegal","Diourbel","Diourbel","0"
"795","Senegal","Fatick","Fatick","0"
"796","Senegal","Kaffrine","Kaffrine","0"
"797","Senegal","Kaolack","Kaolack","0"
"798","Senegal","K¨¦dougou","K¨¦dougou","0"
"799","Senegal","Kolda","Kolda","0"
"800","Senegal","Louga","Louga","0"
"801","Senegal","Matam","Matam","0"
"802","Senegal","Saint-Louis","Saint-Louis","0"
"803","Senegal","S¨¦dhiou","S¨¦dhiou","0"
"804","Senegal","Tambacounda","Tambacounda","0"
"805","Senegal","Thies","Thi¨¨s","1"
"806","Senegal","Ziguinchor","Ziguinchor","0"
"807","Senegal","Dakar","Dakar","0"
"808","Senegal","Diourbel","Diourbel","0"
"809","Senegal","Fatick","Fatick","0"
"810","Senegal","Kaffrine","Kaffrine","0"
"811","Senegal","Kaolack","Kaolack","0"
"812","Senegal","K¨¦dougou","K¨¦dougou","0"
"813","Senegal","Kolda","Kolda","0"
"814","Senegal","Louga","Louga","0"
"815","Senegal","Matam","Matam","0"
"816","Senegal","Saint-Louis","Saint-Louis","0"
"817","Senegal","S¨¦dhiou","S¨¦dhiou","0"
"818","Senegal","Tambacounda","Tambacounda","0"
"819","Senegal","Thies","Thi¨¨s","1"
"820","Senegal","Ziguinchor","Ziguinchor","0"
"821","Senegal","Dakar","Dakar","0"
"822","Senegal","Diourbel","Diourbel","0"
"823","Senegal","Fatick","Fatick","0"
"824","Senegal","Kaffrine","Kaffrine","0"
"825","Senegal","Kaolack","Kaolack","0"
"826","Senegal","K¨¦dougou","K¨¦dougou","0"
"827","Senegal","Kolda","Kolda","0"
"828","Senegal","Louga","Louga","0"
"829","Senegal","Matam","Matam","0"
"830","Senegal","Saint-Louis","Saint-Louis","0"
"831","Senegal","S¨¦dhiou","S¨¦dhiou","0"
"832","Senegal","Tambacounda","Tambacounda","0"
"833","Senegal","Thies","Thi¨¨s","1"
"834","Senegal","Ziguinchor","Ziguinchor","0"
"835","South Africa","Eastern Cape","Eastern Cape","0"
"836","South Africa","Free State","Free State","0"
"837","South Africa","Gauteng","Gauteng","0"
"838","South Africa","KwaZulu Natal","KwaZulu-Natal","1"
"839","South Africa","Limpopo","Limpopo","0"
"840","South Africa","Mpumalanga","Mpumalanga","0"
"841","South Africa","North West","North West","0"
"842","South Africa","Northern Cape","Northern Cape","0"
"843","South Africa","Western Cape","Western Cape","0"
"844","South Africa","Eastern Cape","Eastern Cape","0"
"845","South Africa","Free State","Free State","0"
"846","South Africa","Gauteng","Gauteng","0"
"847","South Africa","Kwazulu Natal","KwaZulu-Natal","2"
"848","South Africa","Limpopo","Limpopo","0"
"849","South Africa","Mpumalanga","Mpumalanga","0"
"850","South Africa","North West","North West","0"
"851","South Africa","Northern Cape","Northern Cape","0"
"852","South Africa","Western Cape","Western Cape","0"
"853","South Africa","Eastern Cape","Eastern Cape","0"
"854","South Africa","Free State","Free State","0"
"855","South Africa","Gauteng","Gauteng","0"
"856","South Africa","Kwazulu Natal","KwaZulu-Natal","2"
"857","South Africa","Limpopo","Limpopo","0"
"858","South Africa","Mpumalanga","Mpumalanga","0"
"859","South Africa","North West","North West","0"
"860","South Africa","Northern Cape","Northern Cape","0"
"861","South Africa","Western Cape","Western Cape","0"
"862","South Africa","Eastern Cape","Eastern Cape","0"
"863","South Africa","Free State","Free State","0"
"864","South Africa","Gauteng","Gauteng","0"
"865","South Africa","Kwazulu Natal","KwaZulu-Natal","2"
"866","South Africa","Limpopo","Limpopo","0"
"867","South Africa","Mpumalanga","Mpumalanga","0"
"868","South Africa","North West","North West","0"
"869","South Africa","Northern Cape","Northern Cape","0"
"870","South Africa","Western Cape","Western Cape","0"
"871","South Africa","Eastern Cape","Eastern Cape","0"
"872","South Africa","Free State","Free State","0"
"873","South Africa","Gauteng","Gauteng","0"
"874","South Africa","Kwazulu-Natal","KwaZulu-Natal","1"
"875","South Africa","Limpopo","Limpopo","0"
"876","South Africa","Mpumalanga","Mpumalanga","0"
"877","South Africa","North West","North West","0"
"878","South Africa","Northern Cape","Northern Cape","0"
"879","South Africa","Western Cape","Western Cape","0"
"880","Tanzania","Arusha","Arusha","0"
"881","Tanzania","Kilimanjaro","Kilimanjaro","0"
"882","Tanzania","Dar es Salaam","Dar es Salaam","0"
"883","Tanzania","Lindi","Lindi","0"
"884","Tanzania","Mtwara","Mtwara","0"
"885","Tanzania","Ruvuma","Ruvuma","0"
"886","Tanzania","Tanga","Tanga","0"
"887","Tanzania","Morogoro","Morogoro","0"
"888","Tanzania","Pwani","Pwani","0"
"889","Tanzania","Mwanza","Mwanza","0"
"890","Tanzania","Mara","Mara","0"
"891","Tanzania","Urban West","Zanzibar West","6"
"892","Tanzania","North Pemba","Dodoma","8"
"893","Tanzania","South Pemba","Arusha","8"
"894","Tanzania","Iringa","Iringa","0"
"895","Tanzania","Mbeya","Mbeya","0"
"896","Tanzania","Singida","Singida","0"
"897","Tanzania","Tabora","Tabora","0"
"898","Tanzania","Manyara","Manyara","0"
"899","Tanzania","North Unguja","Iringa","8"
"900","Tanzania","South Unguja","Shinyanga","8"
"901","Tanzania","Kigoma","Kigoma","0"
"902","Tanzania","Shinyanga","Shinyanga","0"
"903","Tanzania","Kagera","Kagera","0"
"904","Tanzania","Rukwa","Rukwa","0"
"905","Tanzania","Dodoma","Dodoma","0"
"906","Tanzania","Dodoma","Dodoma","0"
"907","Tanzania","Arusha","Arusha","0"
"908","Tanzania","Kilimanjaro","Kilimanjaro","0"
"909","Tanzania","Tanga","Tanga","0"
"910","Tanzania","Morogoro","Morogoro","0"
"911","Tanzania","Coast(Pwani)","Pwani","7"
"912","Tanzania","Dares Salaam","Dar es Salaam","1"
"913","Tanzania","Lindi","Lindi","0"
"914","Tanzania","Mtwara","Mtwara","0"
"915","Tanzania","Ruvuma","Ruvuma","0"
"916","Tanzania","Iringa","Iringa","0"
"917","Tanzania","Mbeya","Mbeya","0"
"918","Tanzania","Singida","Singida","0"
"919","Tanzania","Tabora","Tabora","0"
"920","Tanzania","Rukwa","Rukwa","0"
"921","Tanzania","Kigoma","Kigoma","0"
"922","Tanzania","Shinyanga","Shinyanga","0"
"923","Tanzania","Kagera","Kagera","0"
"924","Tanzania","Mwanza","Mwanza","0"
"925","Tanzania","Mara","Mara","0"
"926","Tanzania","Manyara","Manyara","0"
"927","Tanzania","North Unguja","Iringa","8"
"928","Tanzania","South Unguja","Shinyanga","8"
"929","Tanzania","Urban West","Zanzibar West","6"
"930","Tanzania","North Pemba","Dodoma","8"
"931","Tanzania","South Pemba","Arusha","8"
"932","Tanzania","Dodoma","Dodoma","0"
"933","Tanzania","Arusha","Arusha","0"
"934","Tanzania","Kilimanjaro","Kilimanjaro","0"
"935","Tanzania","Tanga","Tanga","0"
"936","Tanzania","Morogoro","Morogoro","0"
"937","Tanzania","Pwani","Pwani","0"
"938","Tanzania","Dar es Salaam","Dar es Salaam","0"
"939","Tanzania","Lindi","Lindi","0"
"940","Tanzania","Mrwara","Mtwara","1"
"941","Tanzania","Ruvuma","Ruvuma","0"
"942","Tanzania","Iringa","Iringa","0"
"943","Tanzania","Mbeya","Mbeya","0"
"944","Tanzania","Singida","Singida","0"
"945","Tanzania","Tabora","Tabora","0"
"946","Tanzania","Rukwa","Rukwa","0"
"947","Tanzania","Kigoma","Kigoma","0"
"948","Tanzania","Shinyanga","Shinyanga","0"
"949","Tanzania","Kagera","Kagera","0"
"950","Tanzania","Mwanza","Mwanza","0"
"951","Tanzania","Mara","Mara","0"
"952","Tanzania","Manyara","Manyara","0"
"953","Tanzania","Unguja Kaskazini","Katavi","12"
"954","Tanzania","Unfuja Kusini","Pwani","10"
"955","Tanzania","Mjini Magharibi","Kilimanjaro","10"
"956","Tanzania","Pemba Kaskazini","Pemba North","9"
"957","Tanzania","Pemba Kusini","Pemba North","6"
"958","Tanzania","Dodoma","Dodoma","0"
"959","Tanzania","Arusha","Arusha","0"
"960","Tanzania","Kilimanjaro","Kilimanjaro","0"
"961","Tanzania","Tanga","Tanga","0"
"962","Tanzania","Morogoro","Morogoro","0"
"963","Tanzania","Pwani","Pwani","0"
"964","Tanzania","Dar es Salaam","Dar es Salaam","0"
"965","Tanzania","Lindi","Lindi","0"
"966","Tanzania","Mrwara","Mtwara","1"
"967","Tanzania","Ruvuma","Ruvuma","0"
"968","Tanzania","Iringa","Iringa","0"
"969","Tanzania","Mbeya","Mbeya","0"
"970","Tanzania","Singida","Singida","0"
"971","Tanzania","Tabora","Tabora","0"
"972","Tanzania","Rukwa","Rukwa","0"
"973","Tanzania","Kigoma","Kigoma","0"
"974","Tanzania","Shinyanga","Shinyanga","0"
"975","Tanzania","Kagera","Kagera","0"
"976","Tanzania","Mwanza","Mwanza","0"
"977","Tanzania","Mara","Mara","0"
"978","Tanzania","Manyara","Manyara","0"
"979","Tanzania","Unguja Kaskazini","Katavi","12"
"980","Tanzania","Unfuja Kusini","Pwani","10"
"981","Tanzania","Mjini Magharibi","Kilimanjaro","10"
"982","Tanzania","Pemba Kaskazini","Pemba North","9"
"983","Tanzania","Pemba Kusini","Pemba North","6"
"984","Tanzania","Geita","Geita","0"
"985","Tanzania","Katavi","Katavi","0"
"986","Tanzania","Njombe","Njombe","0"
"987","Tanzania","Simiyu","Simiyu","0"
"988","Tanzania","Dodoma","Dodoma","0"
"989","Tanzania","Arusha","Arusha","0"
"990","Tanzania","Kilimanjaro","Kilimanjaro","0"
"991","Tanzania","Tanga","Tanga","0"
"992","Tanzania","Morogoro","Morogoro","0"
"993","Tanzania","Pwani","Pwani","0"
"994","Tanzania","Dar Es Salaam","Dar es Salaam","1"
"995","Tanzania","Lindi","Lindi","0"
"996","Tanzania","Mtwara","Mtwara","0"
"997","Tanzania","Ruvuma","Ruvuma","0"
"998","Tanzania","Iringa","Iringa","0"
"999","Tanzania","Mbeya","Mbeya","0"
"1000","Tanzania","Singida","Singida","0"
"1001","Tanzania","Tabora","Tabora","0"
"1002","Tanzania","Rukwa","Rukwa","0"
"1003","Tanzania","Kigoma","Kigoma","0"
"1004","Tanzania","Shinyanga","Shinyanga","0"
"1005","Tanzania","Kagera","Kagera","0"
"1006","Tanzania","Mwanza","Mwanza","0"
"1007","Tanzania","Mara","Mara","0"
"1008","Tanzania","Manyara","Manyara","0"
"1009","Tanzania","Kaskazini Unguja","Shinyanga","11"
"1010","Tanzania","Kusini Unguja","Shinyanga","8"
"1011","Tanzania","Mjini Magharibi","Kilimanjaro","10"
"1012","Tanzania","Kaskazini Pemba","Kagera","11"
"1013","Tanzania","Kusini Pemba","Kigoma","8"
"1014","Tanzania","Geita","Geita","0"
"1015","Tanzania","Katavi","Katavi","0"
"1016","Tanzania","Njombe","Njombe","0"
"1017","Tanzania","Simiyu","Simiyu","0"
"1018","Uganda","Central","Jinja","5"
"1019","Uganda","East","Apac","4"
"1020","Uganda","North","Moroto","3"
"1021","Uganda","West","Apac","4"
"1022","Uganda","Central","Jinja","5"
"1023","Uganda","West","Apac","4"
"1024","Uganda","North","Moroto","3"
"1025","Uganda","East","Apac","4"
"1026","Uganda","Kampala","Kampala","0"
"1027","Uganda","Central","Jinja","5"
"1028","Uganda","West","Apac","4"
"1029","Uganda","North","Moroto","3"
"1030","Uganda","East","Apac","4"
"1031","Uganda","Kampala","Kampala","0"
"1032","Uganda","Central","Jinja","5"
"1033","Uganda","West","Apac","4"
"1034","Uganda","North","Moroto","3"
"1035","Uganda","East","Apac","4"
"1036","Uganda","Kampala","Kampala","0"
"1037","Uganda","Acholi","Kamuli","4"
"1038","Uganda","Lango","Iganga","3"
"1039","Uganda","Karamoja","Kabarole","4"
"1040","Uganda","Eastern","Kasese","4"
"1041","Uganda","Busoga","Busia","2"
"1042","Zambia","Lusaka","Lusaka","0"
"1043","Zambia","Northern","Northern","0"
"1044","Zambia","North Western","North-Western","1"
"1045","Zambia","Southern","Southern","0"
"1046","Zambia","Western","Western","0"
"1047","Zambia","Central","Central","0"
"1048","Zambia","Copper Belt","Copperbelt","2"
"1049","Zambia","Eastern","Eastern","0"
"1050","Zambia","Luapula","Luapula","0"
"1051","Zambia","Lusaka","Lusaka","0"
"1052","Zambia","Central","Central","0"
"1053","Zambia","Copperbelt","Copperbelt","0"
"1054","Zambia","Eastern","Eastern","0"
"1055","Zambia","Luapula","Luapula","0"
"1056","Zambia","Northern","Northern","0"
"1057","Zambia","North-Western","North-Western","0"
"1058","Zambia","Southern","Southern","0"
"1059","Zambia","Western","Western","0"
"1060","Zambia","Lusaka","Lusaka","0"
"1061","Zambia","Central","Central","0"
"1062","Zambia","Copperbelt","Copperbelt","0"
"1063","Zambia","Eastern","Eastern","0"
"1064","Zambia","Luapula","Luapula","0"
"1065","Zambia","Northern","Northern","0"
"1066","Zambia","North-Western","North-Western","0"
"1067","Zambia","Southern","Southern","0"
"1068","Zambia","Western","Western","0"
"1069","Zambia","Muchinga","Muchinga","0"
"1070","Zambia","Lusaka","Lusaka","0"
"1071","Zambia","Central","Central","0"
"1072","Zambia","Copperbelt","Copperbelt","0"
"1073","Zambia","Eastern","Eastern","0"
"1074","Zambia","Luapula","Luapula","0"
"1075","Zambia","Northern","Northern","0"
"1076","Zambia","North-Western","North-Western","0"
"1077","Zambia","Southern","Southern","0"
"1078","Zambia","Western","Western","0"
"1079","Zambia","Muchinga","Muchinga","0"
"1080","Zambia","Lusaka","Lusaka","0"
"1081","Zambia","Central","Central","0"
"1082","Zambia","Copperbelt","Copperbelt","0"
"1083","Zambia","Eastern","Eastern","0"
"1084","Zambia","Luapula","Luapula","0"
"1085","Zambia","Northern","Northern","0"
"1086","Zambia","North Western","North-Western","1"
"1087","Zambia","Southern","Southern","0"
"1088","Zambia","Western","Western","0"
"1089","Zambia","Muchinga","Muchinga","0"
"1090","Zimbabwe","Mashonaland Central","Mashonaland Central","0"
"1091","Zimbabwe","Matebeleland South","Matabeleland South","1"
"1092","Zimbabwe","Matebeland North","Matabeleland North","3"
"1093","Zimbabwe","Manicaland","Manicaland","0"
"1094","Zimbabwe","Harare","Harare","0"
"1095","Zimbabwe","Bulawayo","Bulawayo","0"
"1096","Zimbabwe","Midlands","Midlands","0"
"1097","Zimbabwe","Masvingo","Masvingo","0"
"1098","Zimbabwe","Mashonaland East","Mashonaland East","0"
"1099","Zimbabwe","Mashonaland West","Mashonaland West","0"
"1100","Zimbabwe","Harare","Harare","0"
"1101","Zimbabwe","Bulawayo","Bulawayo","0"
"1102","Zimbabwe","Midlands","Midlands","0"
"1103","Zimbabwe","Masvingo","Masvingo","0"
"1104","Zimbabwe","Mashonaland East","Mashonaland East","0"
"1105","Zimbabwe","Mashonaland West","Mashonaland West","0"
"1106","Zimbabwe","Mashonaland Central","Mashonaland Central","0"
"1107","Zimbabwe","Matebeland South","Matabeleland South","3"
"1108","Zimbabwe","Matebeland North","Matabeleland North","3"
"1109","Zimbabwe","Manicaland","Manicaland","0"
"1110","Zimbabwe","Harare","Harare","0"
"1111","Zimbabwe","Bulawayo","Bulawayo","0"
"1112","Zimbabwe","Midlands","Midlands","0"
"1113","Zimbabwe","Masvingo","Masvingo","0"
"1114","Zimbabwe","Mashonaland East","Mashonaland East","0"
"1115","Zimbabwe","Mashonaland West","Mashonaland West","0"
"1116","Zimbabwe","Mashonaland Central","Mashonaland Central","0"
"1117","Zimbabwe","Matebeleland South","Matabeleland South","1"
"1118","Zimbabwe","Matebeleland North","Matabeleland North","1"
"1119","Zimbabwe","Manicaland","Manicaland","0"
"1120","Zimbabwe","Harare","Harare","0"
"1121","Zimbabwe","Bulawayo","Bulawayo","0"
"1122","Zimbabwe","Midlands","Midlands","0"
"1123","Zimbabwe","Masvingo","Masvingo","0"
"1124","Zimbabwe","Mashonaland East","Mashonaland East","0"
"1125","Zimbabwe","Mashonaland West","Mashonaland West","0"
"1126","Zimbabwe","Mashonaland Central","Mashonaland Central","0"
"1127","Zimbabwe","Matebeleland South","Matabeleland South","1"
"1128","Zimbabwe","Matebeleland North","Matabeleland North","1"
"1129","Zimbabwe","Manicaland","Manicaland","0"
"1130","Zimbabwe","Harare","Harare","0"
"1131","Zimbabwe","Bulawayo","Bulawayo","0"
"1132","Zimbabwe","Midlands","Midlands","0"
"1133","Zimbabwe","Masvingo","Masvingo","0"
"1134","Zimbabwe","Mashonaland East","Mashonaland East","0"
"1135","Zimbabwe","Mashonaland West","Mashonaland West","0"
"1136","Zimbabwe","Mashonaland Central","Mashonaland Central","0"
"1137","Zimbabwe","Matabeleland South","Matabeleland South","0"
"1138","Zimbabwe","Matabeleland North","Matabeleland North","0"
"1139","Zimbabwe","Manicaland","Manicaland","0"
"1140","Burkina Faso","Boucle du Mouhoun","Boucle du Mouhoun","0"
"1141","Burkina Faso","Cascades","Cascades","0"
"1142","Burkina Faso","Centre","Centre","0"
"1143","Burkina Faso","Centre-Est","Centre-Est","0"
"1144","Burkina Faso","Centre-Nord","Centre-Nord","0"
"1145","Burkina Faso","Centre-Ouest","Centre-Ouest","0"
"1146","Burkina Faso","Centre-Sud","Centre-Sud","0"
"1147","Burkina Faso","Est","Est","0"
"1148","Burkina Faso","Hauts-Bassins","Haut-Bassins","1"
"1149","Burkina Faso","Nord","Nord","0"
"1150","Burkina Faso","Plateau Central","Plateau-Central","1"
"1151","Burkina Faso","Sahel","Sahel","0"
"1152","Burkina Faso","Sud-Ouest","Sud-Ouest","0"
"1153","Burkina Faso","Boucle du Mouhoun","Boucle du Mouhoun","0"
"1154","Burkina Faso","Cascades","Cascades","0"
"1155","Burkina Faso","Centre","Centre","0"
"1156","Burkina Faso","Centre-Est","Centre-Est","0"
"1157","Burkina Faso","Centre-Nord","Centre-Nord","0"
"1158","Burkina Faso","Centre-Ouest","Centre-Ouest","0"
"1159","Burkina Faso","Centre-Sud","Centre-Sud","0"
"1160","Burkina Faso","Est","Est","0"
"1161","Burkina Faso","Hauts-Bassins","Haut-Bassins","1"
"1162","Burkina Faso","Nord","Nord","0"
"1163","Burkina Faso","Plateau Central","Plateau-Central","1"
"1164","Burkina Faso","Sahel","Sahel","0"
"1165","Burkina Faso","Sud-Ouest","Sud-Ouest","0"
"1166","Burkina Faso","Boucle du Mouhoun","Boucle du Mouhoun","0"
"1167","Burkina Faso","Cascades","Cascades","0"
"1168","Burkina Faso","Centre","Centre","0"
"1169","Burkina Faso","Centre Est","Centre-Est","1"
"1170","Burkina Faso","Centre Nord","Centre-Nord","1"
"1171","Burkina Faso","Centre Ouest","Centre-Ouest","1"
"1172","Burkina Faso","Centre Sud","Centre-Sud","1"
"1173","Burkina Faso","Est","Est","0"
"1174","Burkina Faso","Hauts Bassins","Haut-Bassins","2"
"1175","Burkina Faso","Nord","Nord","0"
"1176","Burkina Faso","Plateau Central","Plateau-Central","1"
"1177","Burkina Faso","Sahel","Sahel","0"
"1178","Burkina Faso","Sud Ouest","Sud-Ouest","1"
"1179","Burkina Faso","Boucle Du Mouhoun","Boucle du Mouhoun","1"
"1180","Burkina Faso","Cascades","Cascades","0"
"1181","Burkina Faso","Centre","Centre","0"
"1182","Burkina Faso","Centre Est","Centre-Est","1"
"1183","Burkina Faso","Centre Nord","Centre-Nord","1"
"1184","Burkina Faso","Centre Ouest","Centre-Ouest","1"
"1185","Burkina Faso","Centre Sud","Centre-Sud","1"
"1186","Burkina Faso","Est","Est","0"
"1187","Burkina Faso","Hauts Bassins","Haut-Bassins","2"
"1188","Burkina Faso","Nord","Nord","0"
"1189","Burkina Faso","Plateau Central","Plateau-Central","1"
"1190","Burkina Faso","Sahel","Sahel","0"
"1191","Burkina Faso","Sud Ouest","Sud-Ouest","1"
"1192","Liberia","Bomi","Bomi","0"
"1193","Liberia","Bong","Bong","0"
"1194","Liberia","Gbarpolu","Gbapolu","1"
"1195","Liberia","Grand Bassa","GrandBassa","1"
"1196","Liberia","Grand Cape Mount","Grand Cape Mount","0"
"1197","Liberia","Grand Gedeh","GrandGedeh","1"
"1198","Liberia","Grand Kru","GrandKru","1"
"1199","Liberia","Lofa","Lofa","0"
"1200","Liberia","Margibi","Margibi","0"
"1201","Liberia","Maryland","Maryland","0"
"1202","Liberia","Montserrado","Montserrado","0"
"1203","Liberia","Nimba","Nimba","0"
"1204","Liberia","Rivercess","River Cess","2"
"1205","Liberia","River Gee","River Gee","0"
"1206","Liberia","Sinoe","Sinoe","0"
"1207","Liberia","Bomi","Bomi","0"
"1208","Liberia","Bong","Bong","0"
"1209","Liberia","Gbarpolu","Gbapolu","1"
"1210","Liberia","Grand Bassa","GrandBassa","1"
"1211","Liberia","Grand Cape Mount","Grand Cape Mount","0"
"1212","Liberia","Grand Gedeh","GrandGedeh","1"
"1213","Liberia","Grand Kru","GrandKru","1"
"1214","Liberia","Lofa","Lofa","0"
"1215","Liberia","Margibi","Margibi","0"
"1216","Liberia","Maryland","Maryland","0"
"1217","Liberia","Montserrado","Montserrado","0"
"1218","Liberia","Nimba","Nimba","0"
"1219","Liberia","River Cess","River Cess","0"
"1220","Liberia","River Gee","River Gee","0"
"1221","Liberia","Sinoe","Sinoe","0"
"1222","Liberia","Bomi","Bomi","0"
"1223","Liberia","Bong","Bong","0"
"1224","Liberia","Gbarpolu","Gbapolu","1"
"1225","Liberia","Grand Bassa","GrandBassa","1"
"1226","Liberia","Grand Cape Mount","Grand Cape Mount","0"
"1227","Liberia","Grand Gedeh","GrandGedeh","1"
"1228","Liberia","Grand Kru","GrandKru","1"
"1229","Liberia","Lofa","Lofa","0"
"1230","Liberia","Margibi","Margibi","0"
"1231","Liberia","Maryland","Maryland","0"
"1232","Liberia","Montserrado","Montserrado","0"
"1233","Liberia","Nimba","Nimba","0"
"1234","Liberia","Rivercess","River Cess","2"
"1235","Liberia","River Gee","River Gee","0"
"1236","Liberia","Sinoe","Sinoe","0"
"1237","Liberia","Bomi","Bomi","0"
"1238","Liberia","Bong","Bong","0"
"1239","Liberia","Gbarpolu","Gbapolu","1"
"1240","Liberia","Grand Bassa","GrandBassa","1"
"1241","Liberia","Grand Cape Mount","Grand Cape Mount","0"
"1242","Liberia","Grand Gedeh","GrandGedeh","1"
"1243","Liberia","Grand Kru","GrandKru","1"
"1244","Liberia","Lofa","Lofa","0"
"1245","Liberia","Margibi","Margibi","0"
"1246","Liberia","Maryland","Maryland","0"
"1247","Liberia","Montserrado","Montserrado","0"
"1248","Liberia","Nimba","Nimba","0"
"1249","Liberia","River Cess","River Cess","0"
"1250","Liberia","River Gee","River Gee","0"
"1251","Liberia","Sinoe","Sinoe","0"
"1252","Mauritius","Port Louis","Port Louis","0"
"1253","Mauritius","Pamplemousses","Pamplemousses","0"
"1254","Mauritius","Riviere du Rempart","Rivi¨¨re du Rempart","1"
"1255","Mauritius","Flacq","Flacq","0"
"1256","Mauritius","Grand Port","Grand Port","0"
"1257","Mauritius","Savanne","Savanne","0"
"1258","Mauritius","Plaines Wilhems","Plaines Wilhems","0"
"1259","Mauritius","Moka","Moka","0"
"1260","Mauritius","Black River","Black River","0"
"1261","Mauritius","Rodrigues","Rodriguez","1"
"1262","Mauritius","Port Louis","Port Louis","0"
"1263","Mauritius","Pamplemousses","Pamplemousses","0"
"1264","Mauritius","Riviere du Rempart","Rivi¨¨re du Rempart","1"
"1265","Mauritius","Flacq","Flacq","0"
"1266","Mauritius","Grand Port","Grand Port","0"
"1267","Mauritius","Savanne","Savanne","0"
"1268","Mauritius","Plaine Wilhems","Plaines Wilhems","1"
"1269","Mauritius","Moka","Moka","0"
"1270","Mauritius","Black River","Black River","0"
"1271","Mauritius","Rodrigues","Rodriguez","1"
"1272","Mauritius","Port Louis","Port Louis","0"
"1273","Mauritius","Pamplemousses","Pamplemousses","0"
"1274","Mauritius","Riv Du Rempart","Rivi¨¨re du Rempart","5"
"1275","Mauritius","Flacq","Flacq","0"
"1276","Mauritius","Grand Port","Grand Port","0"
"1277","Mauritius","Savanne","Savanne","0"
"1278","Mauritius","Plaine Wilhems","Plaines Wilhems","1"
"1279","Mauritius","Moka","Moka","0"
"1280","Mauritius","Black River","Black River","0"
"1281","Mauritius","Rodrigues","Rodriguez","1"
"1282","Sierra Leone","Western Area","Western","5"
"1283","Sierra Leone","Southern Province","Southern","9"
"1284","Sierra Leone","Eastern Province","Eastern","9"
"1285","Sierra Leone","Northern Province","Northern","9"
"1286","Sierra Leone","East","Eastern","3"
"1287","Sierra Leone","North","Northern","3"
"1288","Sierra Leone","South","Southern","3"
"1289","Sierra Leone","Western","Western","0"
"1290","Sierra Leone","Eastern Province","Eastern","9"
"1291","Sierra Leone","Northern Province","Northern","9"
"1292","Sierra Leone","Southern Province","Southern","9"
"1293","Sierra Leone","Western Area","Western","5"
"1294","Niger","Agadez","Agadez","0"
"1295","Niger","Diffa","Diffa","0"
"1296","Niger","Dosso","Dosso","0"
"1297","Niger","Maradi","Maradi","0"
"1298","Niger","Tahoua","Tahoua","0"
"1299","Niger","Tillab¨¦ri","Tillab¨¦ry","1"
"1300","Niger","Zinder","Zinder","0"
"1301","Niger","Niamey","Niamey","0"
"1302","Niger","Agadez","Agadez","0"
"1303","Niger","Dosso","Dosso","0"
"1304","Niger","Maradi","Maradi","0"
"1305","Niger","Tahoua","Tahoua","0"
"1306","Niger","Tillab¨¦ri","Tillab¨¦ry","1"
"1307","Niger","Zinder","Zinder","0"
"1308","Niger","Niamey","Niamey","0"
"1309","Niger","Agadez","Agadez","0"
"1310","Niger","Diffa","Diffa","0"
"1311","Niger","Dosso","Dosso","0"
"1312","Niger","Maradi","Maradi","0"
"1313","Niger","Tahoua","Tahoua","0"
"1314","Niger","Tillaberi","Tillab¨¦ry","2"
"1315","Niger","Zinder","Zinder","0"
"1316","Niger","Niamey","Niamey","0"
"1317","Togo","Lom¨¦ commune","Maritime","10"
"1318","Togo","Maritime","Maritime","0"
"1319","Togo","Plateaux","Plateaux","0"
"1320","Togo","Centrale","Centre","2"
"1321","Togo","Kara","Kara","0"
"1322","Togo","Savanes","Savanes","0"
"1323","Togo","Lome Commune","Centre","10"
"1324","Togo","Maritime","Maritime","0"
"1325","Togo","Plateaux","Plateaux","0"
"1326","Togo","Centrale","Centre","2"
"1327","Togo","Kara","Kara","0"
"1328","Togo","Savanes","Savanes","0"
"1329","Togo","Lome","Kara","4"
"1330","Togo","Maritime","Maritime","0"
"1331","Togo","Plateaux","Plateaux","0"
"1332","Togo","Centrale","Centre","2"
"1333","Togo","Kara","Kara","0"
"1334","Togo","Savanes","Savanes","0"
"1335","Burundi","Bubanza","Bubanza","0"
"1336","Burundi","Bujumbura","Bururi","5"
"1337","Burundi","Bujumbura Mairie","Bujumbura Mairie","0"
"1338","Burundi","Bururi","Bururi","0"
"1339","Burundi","Cankuzo","Cankuzo","0"
"1340","Burundi","Cibitoke","Cibitoke","0"
"1341","Burundi","Gitega","Gitega","0"
"1342","Burundi","Karusi","Karuzi","1"
"1343","Burundi","Kayanza","Kayanza","0"
"1344","Burundi","Kirundo","Kirundo","0"
"1345","Burundi","Makamba","Makamba","0"
"1346","Burundi","Muramvya","Muramvya","0"
"1347","Burundi","Muyinga","Muyinga","0"
"1348","Burundi","Mwaro","Mwaro","0"
"1349","Burundi","Ngozi","Ngozi","0"
"1350","Burundi","Rutana","Rutana","0"
"1351","Burundi","Ruyigi","Ruyigi","0"
"1352","Burundi","Bubanza","Bubanza","0"
"1353","Burundi","Bujumbura","Bururi","5"
"1354","Burundi","Bujumbura Marie","Bujumbura Mairie","1"
"1355","Burundi","Bururi","Bururi","0"
"1356","Burundi","Cankuza","Cankuzo","1"
"1357","Burundi","Cibitoke","Cibitoke","0"
"1358","Burundi","Gitega","Gitega","0"
"1359","Burundi","Karusi","Karuzi","1"
"1360","Burundi","Kayanza","Kayanza","0"
"1361","Burundi","Kirundo","Kirundo","0"
"1362","Burundi","Makamba","Makamba","0"
"1363","Burundi","Muramvya","Muramvya","0"
"1364","Burundi","Muyinga","Muyinga","0"
"1365","Burundi","Mwaro","Mwaro","0"
"1366","Burundi","Ngozi","Ngozi","0"
"1367","Burundi","Rutana","Rutana","0"
"1368","Burundi","Ruyiga","Ruyigi","1"
"1369","Cameroon","Yaounde","Nord","5"
"1370","Cameroon","Douala","Nord","5"
"1371","Cameroon","Adamawa","Adamaoua","2"
"1372","Cameroon","Centre","Centre","0"
"1373","Cameroon","East","Est","1"
"1374","Cameroon","Extreme-North","Extr¨ºme-Nord","3"
"1375","Cameroon","Littoral","Littoral","0"
"1376","Cameroon","North","Nord","2"
"1377","Cameroon","North West","Nord-Ouest","4"
"1378","Cameroon","West","Est","2"
"1379","Cameroon","Sud","Sud","0"
"1380","Cameroon","Sud-Ouest","Sud-Ouest","0"
"1381","Cameroon","Centre-Yaound¨¦","Centre","8"
"1382","Cameroon","Littoral-Douala","Littoral","7"
"1383","Cameroon","Adamaoua","Adamaoua","0"
"1384","Cameroon","Centre","Centre","0"
"1385","Cameroon","Est","Est","0"
"1386","Cameroon","Extr¨ºme-Nord","Extr¨ºme-Nord","0"
"1387","Cameroon","Littoral","Littoral","0"
"1388","Cameroon","Nord","Nord","0"
"1389","Cameroon","Nord-Ouest","Nord-Ouest","0"
"1390","Cameroon","Ouest","Ouest","0"
"1391","Cameroon","Sud","Sud","0"
"1392","Cameroon","Sud-Ouest","Sud-Ouest","0"
"1393","Cameroon","Mfoundi","Nord","5"
"1394","Cameroon","Wouri","Nord","3"
"1395","Cameroon","Adamaoua","Adamaoua","0"
"1396","Cameroon","Centre","Centre","0"
"1397","Cameroon","Est","Est","0"
"1398","Cameroon","Extreme-Nord","Extr¨ºme-Nord","1"
"1399","Cameroon","Littoral","Littoral","0"
"1400","Cameroon","Nord","Nord","0"
"1401","Cameroon","Nord Ouest","Nord-Ouest","1"
"1402","Cameroon","Ouest","Ouest","0"
"1403","Cameroon","Sud","Sud","0"
"1404","Cameroon","Sud Ouest","Sud-Ouest","1"
"1405","C<U+00F4>te d'Ivoire","Agneby","Lagunes","5"
"1406","C<U+00F4>te d'Ivoire","Bafing","Lacs","5"
"1407","C<U+00F4>te d'Ivoire","Bas Sassandra","Bas-Sassandra","1"
"1408","C<U+00F4>te d'Ivoire","Denguele","Dengu¨¦l¨¦","2"
"1409","C<U+00F4>te d'Ivoire","Fromager","Como¨¦","6"
"1410","C<U+00F4>te d'Ivoire","Haut Sassandra","Bas-Sassandra","4"
"1411","C<U+00F4>te d'Ivoire","Lacs","Lacs","0"
"1412","C<U+00F4>te d'Ivoire","Lagunes","Lagunes","0"
"1413","C<U+00F4>te d'Ivoire","Marahoue","Savanes","6"
"1414","C<U+00F4>te d'Ivoire","Montagnes","Montagnes","0"
"1415","C<U+00F4>te d'Ivoire","Moyen Cavally","Montagnes","9"
"1416","C<U+00F4>te d'Ivoire","Moyen Comoe","Como¨¦","7"
"1417","C<U+00F4>te d'Ivoire","N¡¯Zi Comoe","Como¨¦","6"
"1418","C<U+00F4>te d'Ivoire","Savanes","Savanes","0"
"1419","C<U+00F4>te d'Ivoire","Sud Bandama","Savanes","8"
"1420","C<U+00F4>te d'Ivoire","Sud Comoe","Como¨¦","5"
"1421","C<U+00F4>te d'Ivoire","Vallee du Bandama","Vall¨¦e du Bandama","1"
"1422","C<U+00F4>te d'Ivoire","Ville d¡¯Abidjan","Abidjan","8"
"1423","C<U+00F4>te d'Ivoire","Worodougou","Woroba","6"
"1424","C<U+00F4>te d'Ivoire","Zanzan","Zanzan","0"
"1425","C<U+00F4>te d'Ivoire","Abidjan","Abidjan","0"
"1426","C<U+00F4>te d'Ivoire","Agneby-Tiassa","Abidjan","10"
"1427","C<U+00F4>te d'Ivoire","Bafing","Lacs","5"
"1428","C<U+00F4>te d'Ivoire","Bagou¨¦","Como¨¦","4"
"1429","C<U+00F4>te d'Ivoire","B¨¦lier","Como¨¦","6"
"1430","C<U+00F4>te d'Ivoire","B¨¦r¨¦","Como¨¦","4"
"1431","C<U+00F4>te d'Ivoire","Bounkani","Zanzan","5"
"1432","C<U+00F4>te d'Ivoire","Cavally","Savanes","4"
"1433","C<U+00F4>te d'Ivoire","Gb¨¦k¨¨","Como¨¦","5"
"1434","C<U+00F4>te d'Ivoire","Gbokl¨¨","Como¨¦","5"
"1435","C<U+00F4>te d'Ivoire","G<U+00F4>h","Lacs","4"
"1436","C<U+00F4>te d'Ivoire","Gontougo","Como¨¦","6"
"1437","C<U+00F4>te d'Ivoire","Grands Ponts","Lagunes","9"
"1438","C<U+00F4>te d'Ivoire","Gu¨¦mon","Como¨¦","4"
"1439","C<U+00F4>te d'Ivoire","Hambol","Como¨¦","4"
"1440","C<U+00F4>te d'Ivoire","Haut Sassandra","Bas-Sassandra","4"
"1441","C<U+00F4>te d'Ivoire","Iffou","Como¨¦","4"
"1442","C<U+00F4>te d'Ivoire","Indeni¨¦-Djuablin","Abidjan","12"
"1443","C<U+00F4>te d'Ivoire","Kabadougou","Abidjan","8"
"1444","C<U+00F4>te d'Ivoire","La M¨¦","Lacs","3"
"1445","C<U+00F4>te d'Ivoire","L<U+00F4>h-Djiboua","G<U+00F4>h-Djiboua","1"
"1446","C<U+00F4>te d'Ivoire","Marahou¨¦","Como¨¦","6"
"1447","C<U+00F4>te d'Ivoire","Moronou","Woroba","4"
"1448","C<U+00F4>te d'Ivoire","Nawa","Lacs","3"
"1449","C<U+00F4>te d'Ivoire","N'Zi","Lacs","4"
"1450","C<U+00F4>te d'Ivoire","Poro","Como¨¦","3"
"1451","C<U+00F4>te d'Ivoire","San Pedro","Savanes","6"
"1452","C<U+00F4>te d'Ivoire","Sud Como¨¦","Como¨¦","4"
"1453","C<U+00F4>te d'Ivoire","Tchologo","Como¨¦","6"
"1454","C<U+00F4>te d'Ivoire","Tonkpi","Como¨¦","5"
"1455","C<U+00F4>te d'Ivoire","Worodougou","Woroba","6"
"1456","C<U+00F4>te d'Ivoire","Autonome D'abidjan","Abidjan","11"
"1457","C<U+00F4>te d'Ivoire","Agneby-Tiassa","Abidjan","10"
"1458","C<U+00F4>te d'Ivoire","Bafing","Lacs","5"
"1459","C<U+00F4>te d'Ivoire","Bagoue","Lagunes","4"
"1460","C<U+00F4>te d'Ivoire","Belier","Como¨¦","6"
"1461","C<U+00F4>te d'Ivoire","Bere","Lacs","4"
"1462","C<U+00F4>te d'Ivoire","Bounkani","Zanzan","5"
"1463","C<U+00F4>te d'Ivoire","Cavally","Savanes","4"
"1464","C<U+00F4>te d'Ivoire","Folon","Como¨¦","3"
"1465","C<U+00F4>te d'Ivoire","Gbeke","Como¨¦","5"
"1466","C<U+00F4>te d'Ivoire","Gb<U+00F4>kle","Abidjan","6"
"1467","C<U+00F4>te d'Ivoire","G<U+00F4>h","Lacs","4"
"1468","C<U+00F4>te d'Ivoire","Gontougo","Como¨¦","6"
"1469","C<U+00F4>te d'Ivoire","Grands-Ponts","Lagunes","9"
"1470","C<U+00F4>te d'Ivoire","Guemon","Como¨¦","4"
"1471","C<U+00F4>te d'Ivoire","Hambol","Como¨¦","4"
"1472","C<U+00F4>te d'Ivoire","Haut-Sassandra","Bas-Sassandra","3"
"1473","C<U+00F4>te d'Ivoire","Iffou","Como¨¦","4"
"1474","C<U+00F4>te d'Ivoire","Indenie-Djuablin","Abidjan","12"
"1475","C<U+00F4>te d'Ivoire","Kabadougou","Abidjan","8"
"1476","C<U+00F4>te d'Ivoire","La Me","Lacs","3"
"1477","C<U+00F4>te d'Ivoire","L<U+00F4>h-Djiboua","G<U+00F4>h-Djiboua","1"
"1478","C<U+00F4>te d'Ivoire","Marahoue","Savanes","6"
"1479","C<U+00F4>te d'Ivoire","Moronou","Woroba","4"
"1480","C<U+00F4>te d'Ivoire","Nawa","Lacs","3"
"1481","C<U+00F4>te d'Ivoire","N'zi","Lacs","4"
"1482","C<U+00F4>te d'Ivoire","Poro","Como¨¦","3"
"1483","C<U+00F4>te d'Ivoire","San-Pedro","Savanes","6"
"1484","C<U+00F4>te d'Ivoire","Sud-Comoe","Como¨¦","5"
"1485","C<U+00F4>te d'Ivoire","Tchologo","Como¨¦","6"
"1486","C<U+00F4>te d'Ivoire","Tonkpi","Como¨¦","5"
"1487","C<U+00F4>te d'Ivoire","Worodougou","Woroba","6"
"1488","C<U+00F4>te d'Ivoire","Autonome Yamoussoukro","Yamoussoukro","9"
"1489","Guinea","Conakry","Conakry","0"
"1490","Guinea","Bok¨¦","Bok¨¦","0"
"1491","Guinea","Kindia","Kindia","0"
"1492","Guinea","Mamou","Mamou","0"
"1493","Guinea","Lab¨¦","Lab¨¦","0"
"1494","Guinea","Faranah","Faranah","0"
"1495","Guinea","Kankan","Kankan","0"
"1496","Guinea","N¡¯Z¨¦r¨¦kor¨¦","Nz¨¦r¨¦kor¨¦","2"
"1497","Guinea","Conakry","Conakry","0"
"1498","Guinea","Bok¨¦","Bok¨¦","0"
"1499","Guinea","Kindia","Kindia","0"
"1500","Guinea","Mamou","Mamou","0"
"1501","Guinea","Lab¨¦","Lab¨¦","0"
"1502","Guinea","Lab¨¦","Lab¨¦","0"
"1503","Guinea","Kankan","Kankan","0"
"1504","Guinea","NZerekor¨¦","Nz¨¦r¨¦kor¨¦","3"
"1505","Guinea","Conakry","Conakry","0"
"1506","Guinea","Bok¨¦","Bok¨¦","0"
"1507","Guinea","Kindia","Kindia","0"
"1508","Guinea","Mamou","Mamou","0"
"1509","Guinea","Lab¨¦","Lab¨¦","0"
"1510","Guinea","Faranah","Faranah","0"
"1511","Guinea","Kankan","Kankan","0"
"1512","Guinea","N'z¨¦r¨¦kor¨¦","Nz¨¦r¨¦kor¨¦","1"
"1513","Swaziland","Hhohho","Hhohho","0"
"1514","Swaziland","Manzini","Manzini","0"
"1515","Swaziland","Shiselweni","Shiselweni","0"
"1516","Swaziland","Lubombo","Lubombo","0"
"1517","Swaziland","Hhohho","Hhohho","0"
"1518","Swaziland","Manzini","Manzini","0"
"1519","Swaziland","Shiselweni","Shiselweni","0"
"1520","Swaziland","Lubombo","Lubombo","0"
"1521","Swaziland","Hhohho","Hhohho","0"
"1522","Swaziland","Lubombo","Lubombo","0"
"1523","Swaziland","Manzini","Manzini","0"
"1524","Swaziland","Shiselweni","Shiselweni","0"
"1525","Algeria","Adrar","Adrar","0"
"1526","Algeria","Chlef","Chlef","0"
"1527","Algeria","Laghouat","Laghouat","0"
"1528","Algeria","Oum el-Bouaghi","Oum el Bouaghi","1"
"1529","Algeria","Batna","Batna","0"
"1530","Algeria","Bejaia","B¨¦ja<U+00EF>a","2"
"1531","Algeria","Biskra","Biskra","0"
"1532","Algeria","Bechar","B¨¦char","1"
"1533","Algeria","Blida","Blida","0"
"1534","Algeria","Bouria","Bouira","1"
"1535","Algeria","Tamanghasset","Tamanghasset","0"
"1536","Algeria","Tebessa","T¨¦bessa","1"
"1537","Algeria","Tlemcen","Tlemcen","0"
"1538","Algeria","Tiaret","Tiaret","0"
"1539","Algeria","Tizi Ouzou","Tizi Ouzou","0"
"1540","Algeria","Algeris","Alger","2"
"1541","Algeria","Djelfa","Djelfa","0"
"1542","Algeria","Jijel","Jijel","0"
"1543","Algeria","Setif","S¨¦tif","1"
"1544","Algeria","Saida","Sa<U+00EF>da","1"
"1545","Algeria","Skikda","Skikda","0"
"1546","Algeria","Sidi Bel Abbes","Sidi Bel Abb¨¨s","1"
"1547","Algeria","Annaba","Annaba","0"
"1548","Algeria","Guelma","Guelma","0"
"1549","Algeria","Constantine","Constantine","0"
"1550","Algeria","Medea","M¨¦d¨¦a","2"
"1551","Algeria","Mostaganem","Mostaganem","0"
"1552","Algeria","M¡¯Sila","M'Sila","1"
"1553","Algeria","Mascara","Mascara","0"
"1554","Algeria","Ouargla","Ouargla","0"
"1555","Algeria","Oran","Oran","0"
"1556","Algeria","El Bayadh","El Bayadh","0"
"1557","Algeria","Illizi","Illizi","0"
"1558","Algeria","Bordj Bou Arreridj","Bordj Bou Arr¨¦ridj","1"
"1559","Algeria","Boumerdes","Boumerd¨¨s","1"
"1560","Algeria","El Tarf","El Tarf","0"
"1561","Algeria","North Eastern Region","Bordj Bou Arr¨¦ridj","15"
"1562","Algeria","North Middle Region","Bordj Bou Arr¨¦ridj","15"
"1563","Algeria","North Western Region","Bordj Bou Arr¨¦ridj","15"
"1564","Algeria","East Highlands","Mostaganem","9"
"1565","Algeria","Middle Highlands","El Bayadh","12"
"1566","Algeria","Western Highlands","Mostaganem","12"
"1567","Algeria","South Eastern Region","Constantine","15"
"1568","Algeria","South Western Region","Constantine","15"
"1569","Egypt","Cairo","Matrouh","4"
"1570","Egypt","Alexandria","Al Minya","6"
"1571","Egypt","Suez","Suhaj","3"
"1572","Egypt","Damietta","Dumyat","5"
"1573","Egypt","Dakahlia","Ad Daqahliyah","6"
"1574","Egypt","Al-Sharqia","Al Gharbiyah","5"
"1575","Egypt","Qalyubia","Al Qalyubiyah","5"
"1576","Egypt","Kafr el-Sheikh","Kafr ash Shaykh","6"
"1577","Egypt","Gharbia","Al Gharbiyah","5"
"1578","Egypt","Monufia","Qina","5"
"1579","Egypt","Beheira","Qina","5"
"1580","Egypt","Ismailia","Al Isma`iliyah","6"
"1581","Egypt","Giza","Qina","2"
"1582","Egypt","Beni Suef","Bani Suwayf","4"
"1583","Egypt","Faiyum","Al Fayyum","4"
"1584","Egypt","Minya","Qina","2"
"1585","Egypt","Asyut","Asyut","0"
"1586","Egypt","Sohag","Suhaj","2"
"1587","Egypt","Qena","Qina","1"
"1588","Egypt","Luxor","Suhaj","4"
"1589","Egypt","Red Sea","Qina","6"
"1590","Egypt","Al Bahr al Ahmar","Al Bahr al Ahmar","0"
"1591","Egypt","Cairo","Matrouh","4"
"1592","Egypt","Alexandria","Al Minya","6"
"1593","Egypt","Port Said","Bur Sa`id","4"
"1594","Egypt","Suez","Suhaj","3"
"1595","Egypt","Damietta","Dumyat","5"
"1596","Egypt","Dakahlia","Ad Daqahliyah","6"
"1597","Egypt","Charqia","Matrouh","6"
"1598","Egypt","Qalyubia","Al Qalyubiyah","5"
"1599","Egypt","Kafr el-Sheikh","Kafr ash Shaykh","6"
"1600","Egypt","Gharbia","Al Gharbiyah","5"
"1601","Egypt","Monufia","Qina","5"
"1602","Egypt","Beheira","Qina","5"
"1603","Egypt","Ismailia","Al Isma`iliyah","6"
"1604","Egypt","Giza","Qina","2"
"1605","Egypt","Beni Souif","Bani Suwayf","5"
"1606","Egypt","El Feyoum","Al Fayyum","3"
"1607","Egypt","El Menya","Al Minya","2"
"1608","Egypt","Assyout","Asyut","2"
"1609","Egypt","Souhag","Suhaj","2"
"1610","Egypt","Qena","Qina","1"
"1611","Egypt","Luxor","Suhaj","4"
"1612","Egypt","Aswan","Aswan","0"
"1613","Egypt","Red Sea","Qina","6"
"1614","Egypt","Matrouh","Matrouh","0"
"1615","Morocco","Chaouia-Ouardigha","Chaouia - Ouardigha","2"
"1616","Morocco","Doukkala-Abda","Doukkala - Abda","2"
"1617","Morocco","Fes-Boulemane","F¨¨s - Boulemane","3"
"1618","Morocco","Gharb-Charda-Beni Hssen","Gharb - Chrarda - B¨¦ni Hssen","6"
"1619","Morocco","Grand Casablanca","Grand Casablanca","0"
"1620","Morocco","Guelmim-Es Semara","Guelmim - Es-Semara","3"
"1621","Morocco","Laayoune-Boujdour-Sakia El Hamra","Laayoune - Boujdour - Sakia El Hamra","5"
"1622","Morocco","Marrakech-Tensift-El Haouz","Marrakech - Tensift - Al Haouz","5"
"1623","Morocco","Meknes-Tafilalet","Mekn¨¨s - Tafilalet","3"
"1624","Morocco","Oriental","Oriental","0"
"1625","Morocco","Oued Ed-Dahab-Lagouira","Grand Casablanca","16"
"1626","Morocco","Rabat-Sale-Zemmour-Zaer","Rabat - Sal¨¦ - Zemmour - Zaer","7"
"1627","Morocco","Souss-Massa-Draa","Souss - Massa - Draa","5"
"1628","Morocco","Tadla-Azilal","Tadla - Azilal","2"
"1629","Morocco","Tangier-Tetouan","Tanger - T¨¦touan","4"
"1630","Morocco","Taza-Al Hoceima-Taounate","Taza - Al Hoceima - Taounate","4"
"1631","Morocco","Oued Ed-Dahab-Lagouira","Grand Casablanca","16"
"1632","Morocco","Laayoune-Boujdour-Sakia El Hamra","Laayoune - Boujdour - Sakia El Hamra","5"
"1633","Morocco","Guelmim-Es-Semara","Guelmim - Es-Semara","2"
"1634","Morocco","Souss-Massa-Draa","Souss - Massa - Draa","5"
"1635","Morocco","Gharb-Chrarda-Beni-Hssen","Gharb - Chrarda - B¨¦ni Hssen","6"
"1636","Morocco","Chaouia-Ouardigha","Chaouia - Ouardigha","2"
"1637","Morocco","Marrakech-Tensift-Al-Haouz","Marrakech - Tensift - Al Haouz","5"
"1638","Morocco","Oriental","Oriental","0"
"1639","Morocco","Grand Casablanca","Grand Casablanca","0"
"1640","Morocco","Rabat-Sal¨¦-Zemmour-Zaer","Rabat - Sal¨¦ - Zemmour - Zaer","6"
"1641","Morocco","Doukkala-Abda","Doukkala - Abda","2"
"1642","Morocco","Tadla-Azilal","Tadla - Azilal","2"
"1643","Morocco","Mekn¨¨s-Tafilalet","Mekn¨¨s - Tafilalet","2"
"1644","Morocco","F¨¨s-Bouleman","F¨¨s - Boulemane","3"
"1645","Morocco","Taza-Al Hoceima-Taounate","Taza - Al Hoceima - Taounate","4"
"1646","Morocco","Tanger-T¨¦touan","Tanger - T¨¦touan","2"
"1647","Morocco","BeniMellal-Khenifra","Doukkala - Abda","15"
"1648","Morocco","Deraa-Tafilalt","Mekn¨¨s - Tafilalet","8"
"1649","Morocco","Dakhla-Ouad Eddahab","Chaouia - Ouardigha","13"
"1650","Morocco","Fes-Meknes","Oriental","9"
"1651","Morocco","Grand Casablanca-Settat","Grand Casablanca","7"
"1652","Morocco","Guelmim-Ouadnoun","Guelmim - Es-Semara","11"
"1653","Morocco","Laayoune-Sakiat Alhamra","Grand Casablanca","16"
"1654","Morocco","Marrakech-Safi","Oriental","11"
"1655","Morocco","Oriental","Oriental","0"
"1656","Morocco","Rabat-Sale-Kenitra","Tadla - Azilal","14"
"1657","Morocco","Souss-Massa","Souss - Massa - Draa","9"
"1658","Morocco","Tangier-Tetouan-Hoceima","Tanger - T¨¦touan","12"
"1659","Sudan","North","Northern","3"
"1660","Sudan","Nahr ALnil","Blue Nile","8"
"1661","Sudan","Red Sea","Red Sea","0"
"1662","Sudan","Kassala","Kassala","0"
"1663","Sudan","Gadarif","Al Qadarif","4"
"1664","Sudan","Khartom","Khartoum","1"
"1665","Sudan","Gezira","Sennar","4"
"1666","Sudan","White Nile","White Nile","0"
"1667","Sudan","Sennar","Sennar","0"
"1668","Sudan","Blue Nile","Blue Nile","0"
"1669","Sudan","South Kordufan","South Kurdufan","1"
"1670","Sudan","North Kordufan","North Kurdufan","1"
"1671","Sudan","North Darfur","North Darfur","0"
"1672","Sudan","West Darfur","West Darfur","0"
"1673","Sudan","South Darfur","South Darfur","0"
"1674","Sudan","North","Northern","3"
"1675","Sudan","East","Kassala","5"
"1676","Sudan","Khartoum","Khartoum","0"
"1677","Sudan","Central","Sennar","4"
"1678","Sudan","Kurdufan","West Kurdufan","5"
"1679","Sudan","Darfur","East Darfur","5"
"1680","Sudan","Middle East","Red Sea","8"
"1681","Sudan","North","Northern","3"
"1682","Sudan","Darfur","East Darfur","5"
"1683","Sudan","East","Kassala","5"
"1684","Sudan","Khartoum","Khartoum","0"
"1685","Sudan","Kordofan","Northern","5"
"1686","Tunisia","Tunis","Tunis","0"
"1687","Tunisia","Ariana","Ariana","0"
"1688","Tunisia","Ben Arous","Jendouba","6"
"1689","Tunisia","Manouba","Manubah","2"
"1690","Tunisia","Nabeul","Nabeul","0"
"1691","Tunisia","Zaghouan","Zaghouan","0"
"1692","Tunisia","Bizerte","Bizerte","0"
"1693","Tunisia","Beja","B¨¦ja","1"
"1694","Tunisia","Jendouba","Jendouba","0"
"1695","Tunisia","Le Kef","Le Kef","0"
"1696","Tunisia","Siliana","Siliana","0"
"1697","Tunisia","Sousse","Sousse","0"
"1698","Tunisia","Monastir","Monastir","0"
"1699","Tunisia","Mahdia","Mahdia","0"
"1700","Tunisia","Sfax","Sfax","0"
"1701","Tunisia","Kairouan","Kairouan","0"
"1702","Tunisia","Kasserine","Kass¨¦rine","1"
"1703","Tunisia","Sidi Bouzid","Sidi Bou Zid","2"
"1704","Tunisia","Gabes","Gab¨¨s","1"
"1705","Tunisia","Mednine","M¨¦denine","2"
"1706","Tunisia","Tataouine","Tataouine","0"
"1707","Tunisia","Gafsa","Gafsa","0"
"1708","Tunisia","Tozeur","Tozeur","0"
"1709","Tunisia","Kebili","Kebili","0"
"1710","Tunisia","Tunis","Tunis","0"
"1711","Tunisia","Ariana","Ariana","0"
"1712","Tunisia","Manouba","Manubah","2"
"1713","Tunisia","Ben Arous","Jendouba","6"
"1714","Tunisia","Sfax","Sfax","0"
"1715","Tunisia","Sousse","Sousse","0"
"1716","Tunisia","Nabeul","Nabeul","0"
"1717","Tunisia","Bizerte","Bizerte","0"
"1718","Tunisia","Zaghouan","Zaghouan","0"
"1719","Tunisia","Sidi Bouzid","Sidi Bou Zid","2"
"1720","Tunisia","Le Kef","Le Kef","0"
"1721","Tunisia","Kasserine","Kass¨¦rine","1"
"1722","Tunisia","Jendouba","Jendouba","0"
"1723","Tunisia","B¨¨ja","B¨¦ja","1"
"1724","Tunisia","Siliana","Siliana","0"
"1725","Tunisia","Kairouan","Kairouan","0"
"1726","Tunisia","Monastir","Monastir","0"
"1727","Tunisia","Mahdia","Mahdia","0"
"1728","Tunisia","Medenine","M¨¦denine","1"
"1729","Tunisia","Tataouine","Tataouine","0"
"1730","Tunisia","Gafsa","Gafsa","0"
"1731","Tunisia","Gab¨¨s","Gab¨¨s","0"
"1732","Tunisia","Tozeur","Tozeur","0"
"1733","Tunisia","K¨¦bili","Kebili","1"
"1734","Tunisia","Great Tunis","Tunis","6"
"1735","Tunisia","North East","Ariana","8"
"1736","Tunisia","North West","Le Kef","8"
"1737","Tunisia","Center East","Jendouba","8"
"1738","Tunisia","Center West","Bizerte","8"
"1739","Tunisia","South East","Sousse","6"
"1740","Tunisia","South West","Sousse","6"
"1741","Gabon","Estuaire","Estuaire","0"
"1742","Gabon","Haut-Ogoou¨¦","Haut-Ogoou¨¦","0"
"1743","Gabon","Moyen-Ogoou¨¦","Moyen-Ogoou¨¦","0"
"1744","Gabon","Ngouni¨¦","Ngouni¨¦","0"
"1745","Gabon","Nyanga","Nyanga","0"
"1746","Gabon","Ogoou¨¦-Ivindo","Ogoou¨¦-Ivindo","0"
"1747","Gabon","Ogoou¨¦-Lolo","Ogoou¨¦-Lolo","0"
"1748","Gabon","Ogoou¨¦-Maritime","Ogoou¨¦-Maritime","0"
"1749","Gabon","Woleu-Ntem","Wouleu-Ntem","1"
"1750","Gabon","Estuaire","Estuaire","0"
"1751","Gabon","Haut-Ogoou¨¦","Haut-Ogoou¨¦","0"
"1752","Gabon","Moyen-Ogoou¨¦","Moyen-Ogoou¨¦","0"
"1753","Gabon","Ngouni¨¦","Ngouni¨¦","0"
"1754","Gabon","Nyanga","Nyanga","0"
"1755","Gabon","Ogoou¨¦-Ivindo","Ogoou¨¦-Ivindo","0"
"1756","Gabon","Ogoou¨¦_Lolo","Ogoou¨¦-Lolo","1"
"1757","Gabon","Ogoou¨¦-Maritime","Ogoou¨¦-Maritime","0"
"1758","Gabon","Woleu-Ntem","Wouleu-Ntem","1"
"1759","S<U+00E3>o Tom¨¦ and Pr¨ªncipe","Sao Tome","S<U+00E3>o Tom¨¦","2"
"1760","S<U+00E3>o Tom¨¦ and Pr¨ªncipe","Principe","Pr¨ªncipe","1"
"1761","S<U+00E3>o Tom¨¦ and Pr¨ªncipe","S<U+00E3>o Tom¨¦","S<U+00E3>o Tom¨¦","0"
"1762","S<U+00E3>o Tom¨¦ and Pr¨ªncipe","Pr¨ªncipe","Pr¨ªncipe","0"
"1763","Gambia","Banjul","Banjul","0"
"1764","Gambia","Upper River","Upper River","0"
"1765","Gambia","Central River - North","Lower River","14"
"1766","Gambia","Central River - South","Lower River","14"
"1767","Gambia","Lower River","Lower River","0"
"1768","Gambia","North Bank","North Bank","0"
"1769","Gambia","West Coast","Western","6"
"1770","Gambia","Kanifing","Banjul","6"
